,Compound,Negative,Neutral,Positive,Time Stamp,Tweet,Tweet_Ago,User
0,-0.5994,0.494,0.506,0.0,09-21-2017 14:52:03,'We are at war' https://t.co/Uz5k2mKR8l,0,@BBCWorld
1,0.2023,0.0,0.833,0.167,09-21-2017 09:22:25,Florian Philippot: Le Pen's top aide quits National Front https://t.co/sIsR1yKXx2,1,@BBCWorld
2,0.0,0.0,1.0,0.0,09-21-2017 04:41:39,Moving on up https://t.co/1s6JB2gAtV,2,@BBCWorld
3,0.0,0.0,1.0,0.0,09-20-2017 17:21:49,Iranian President Rouhani hits back at Donald Trump's UN speech https://t.co/B0tRxBcImh,3,@BBCWorld
4,0.3182,0.193,0.504,0.303,09-20-2017 12:31:50,Kenya's Supreme Court criticises IEBC electoral commission https://t.co/bqnGW65u5D,4,@BBCWorld
5,0.0,0.0,1.0,0.0,09-20-2017 07:23:53,"RT @BBCBenThompson: 4,000 jobs to go as India's Tata Steel &amp; German rival, Thyssenkrupp, merge European steel arms. CFO tells me deal safeg…",5,@BBCWorld
6,-0.4588,0.6,0.4,0.0,09-20-2017 04:26:47,'Abandoned wives' https://t.co/qN0rd4MG7I,6,@BBCWorld
7,0.0,0.0,1.0,0.0,09-19-2017 23:58:45,ICYMI: How did the international community react to Trump's #UNGA speech? @mbesheer and @BBCBarbaraPlett discuss… https://t.co/K1RkInRQxB,7,@BBCWorld
8,-0.743,0.24,0.76,0.0,09-19-2017 15:41:55,"RT @BBCJLandale: By any standards, it is extraordinary to hear a US president at the UN threaten the total destruction of another nation",8,@BBCWorld
9,-0.25,0.167,0.833,0.0,09-19-2017 12:58:14,"House Democrat Leader @NancyPelosi shouted down in Dreamers protest
 
https://t.co/NmX4MrGiyr https://t.co/qGjzxBHNqA",9,@BBCWorld
10,0.0,0.0,1.0,0.0,09-19-2017 09:33:09,"RT @BBCNewsEnts: Elisabeth Moss had a hidden message ""to the patriarchy"" on her shoes at the #Emmys https://t.co/i7pxbhEdyU via @karla_welc…",10,@BBCWorld
11,-0.4767,0.181,0.819,0.0,09-19-2017 03:54:19,"RT @JonahFisherBBC: Suu Kyi says ""hordes of refugees"" fleeing to Bangladesh. Poor choice of word.",11,@BBCWorld
12,-0.6369,0.366,0.634,0.0,09-18-2017 22:00:37,"Stanislav Petrov, who averted possible nuclear war, dies at 77 https://t.co/vQ0kmUiRyT",12,@BBCWorld
13,-0.1779,0.108,0.821,0.072,09-18-2017 13:55:39,"RT @BBCNewsNI: Irishman Ibrahim Halawa cleared of charges in Egypt, after spending four years in jail 
 https://t.co/yoE2EsjZUF https://t.c…",13,@BBCWorld
14,-0.4003,0.172,0.828,0.0,09-18-2017 08:56:22,"Scout Schultz is heard saying ""Shoot me!"" in a video filmed by fellow students https://t.co/ZEszBfFWlw",14,@BBCWorld
15,-0.0258,0.181,0.643,0.175,09-18-2017 01:46:34,RT @BBCNewsAsia: Man dies at haunted house attraction in Hong Kong: https://t.co/HmnXbQ0v8K https://t.co/Gbs3dNiPQf,15,@BBCWorld
16,0.6249,0.0,0.796,0.204,09-17-2017 15:41:57,"RT @BBCSport: A great gesture.

Denmark's men's football team have offered the women's side £60,000 a year.

https://t.co/L53JN2l3fE https:…",16,@BBCWorld
17,-0.4215,0.219,0.781,0.0,09-17-2017 00:49:39,Paris climate deal: US denies it will stay in accord https://t.co/yWPfaB52X4,17,@BBCWorld
18,0.0,0.0,1.0,0.0,09-16-2017 10:38:17,Irma: Apocalypse and the aftermath https://t.co/MQrrbsYu4x,18,@BBCWorld
19,0.0,0.0,1.0,0.0,09-15-2017 21:06:28,'Russia expects team at Winter Olympics' https://t.co/WWZo15CQ0H,19,@BBCWorld
20,-0.6659,0.214,0.786,0.0,09-15-2017 14:55:04,"""We have to be very smart..and very tough"" - @POTUS says he's going to call UK PM to discuss Tube terror attack… https://t.co/ghKOTBUxxc",20,@BBCWorld
21,0.0,0.0,1.0,0.0,09-15-2017 10:49:08,"RT @BBCBreaking: Blast caused by detonation of improvised explosive device - @metpoliceuk on Parsons Green tube explosion
 
https://t.co/9Y…",21,@BBCWorld
22,-0.3182,0.247,0.753,0.0,09-15-2017 04:13:39,Irma: Florida nursing home loses Medicaid funding https://t.co/n01J5ZoRDR,22,@BBCWorld
23,-0.6249,0.291,0.709,0.0,09-14-2017 23:39:43,Migrant crisis: Is Bilbao the new back door to Britain? https://t.co/X8rBUi7F3E,23,@BBCWorld
24,0.5859,0.0,0.798,0.202,09-14-2017 16:01:39,"""You've a steadfast ally in the United States - we'll stand by our allies as Brexit continues to take shape"": Rex T… https://t.co/XI7Pkg0zZG",24,@BBCWorld
25,-0.1531,0.275,0.5,0.225,09-14-2017 09:19:54,Abducted Finnish aid worker freed in Afghanistan https://t.co/VDggTPflWN,25,@BBCWorld
26,-0.7579,0.333,0.667,0.0,09-14-2017 04:29:11,"RT @BBCNewsAsia: ""One of Malaysia's worst fire disasters."" 

The story from Kuala Lumpur: https://t.co/ZdKeagTOQq https://t.co/J7LPG5FNup",26,@BBCWorld
27,0.0,0.0,1.0,0.0,09-14-2017 00:14:19,Why are Pakistan's pirated DVDs dying out? https://t.co/XQPMWvzqOA,27,@BBCWorld
28,0.0,0.0,1.0,0.0,09-13-2017 17:20:58,Reality check https://t.co/lK7ZA0Li0n,28,@BBCWorld
29,0.0,0.0,1.0,0.0,09-13-2017 13:47:31,Deaths at US nursing home hit by Irma https://t.co/wcUmdXAbDV,29,@BBCWorld
30,-0.6908,0.32,0.68,0.0,09-13-2017 07:08:27,India rape: Uncle did not father girl's baby - DNA test https://t.co/hiF0GBgQDu,30,@BBCWorld
31,0.4767,0.155,0.485,0.359,09-13-2017 01:09:02,Rebel Wilson wins large defamation payout https://t.co/hqpoh0Bmcq,31,@BBCWorld
32,0.0516,0.072,0.805,0.123,09-12-2017 18:28:58,"RT @bbcweather: Hurricane #Jose needs to be watched carefully. Huge uncertainty in track, but a couple of models take it across #Bahamas &amp;…",32,@BBCWorld
33,-0.9022,0.581,0.419,0.0,09-12-2017 14:00:31,Syria war: 'Russian air strikes' kill dozens in Deir al-Zour https://t.co/RpPNoxyzJ8,33,@BBCWorld
34,0.4939,0.0,0.849,0.151,09-12-2017 07:43:07,"RT @BBCNewsbeat: Beer in one hand, baby in another. So is this ""beautiful"" or ""disgusting""?

Full story: https://t.co/LOLIzxQrdk https://t.…",34,@BBCWorld
35,0.0,0.0,1.0,0.0,09-12-2017 01:42:41,North Korea slapped with new UN sanctions after unanimous UN vote: https://t.co/dDsFmpmFsl https://t.co/7ZuBBpXL6Q,35,@BBCWorld
36,-0.6249,0.157,0.843,0.0,09-11-2017 16:17:09,"RT @BBCJamesCook: In the Caribbean, the crisis is far from over. Follow @BBCLBicker for the latest from the British Virgin Islands after #H…",36,@BBCWorld
37,-0.3182,0.161,0.839,0.0,09-11-2017 12:10:32,"RT @BBCBreaking: Irma weakens to a tropical storm after battering Florida, forecasters say https://t.co/VIsZZiqZ8L",37,@BBCWorld
38,0.5423,0.089,0.667,0.244,09-11-2017 07:40:08,RT @BBCNewsAsia: India lodges diplomatic protest with Australia over 'offensive' ad depicting Hindu god Ganesha enjoying lamb: https://t.co…,38,@BBCWorld
39,0.0,0.0,1.0,0.0,09-11-2017 02:31:31,RT @BBCNewsAsia: These women in India are breaking tradition to eat with their families for the very first time: https://t.co/1FzMHiobwZ ht…,39,@BBCWorld
40,0.6249,0.089,0.683,0.229,09-10-2017 22:53:24,"RT @BBCSport: He's done it.

Rafael Nadal has won his 16th Grand Slam title.

He beats Kevin Anderson 6-3 6-3 6-4. 

#USOpen: https://t.co/…",40,@BBCWorld
41,-0.6124,0.227,0.773,0.0,09-10-2017 16:51:22,"RT @bbcweather: Vicious #thunderstorms continue to track across central #Europe. Flooding, landslides and travel disruption are likely on #…",41,@BBCWorld
42,0.0,0.0,1.0,0.0,09-10-2017 13:11:33,Hurricane Irma hits Florida islands https://t.co/W8LFkKCrGd,42,@BBCWorld
43,0.6908,0.134,0.593,0.273,09-10-2017 00:02:58,RT @BBCLBicker: Royal Engineers and Marine Commandos have arrived in #tortola to help. One woman said she cried tears of joy to see help ar…,43,@BBCWorld
44,0.0,0.0,1.0,0.0,09-09-2017 14:03:52,"New mummies discovered in tomb near Luxor, Egypt https://t.co/7hJz5FnLWS",44,@BBCWorld
45,0.296,0.0,0.476,0.524,09-09-2017 00:34:30,Red alert https://t.co/pItLIRhFTt,45,@BBCWorld
46,0.0,0.0,1.0,0.0,09-08-2017 17:58:30,Hurricane Irma: Caribbean counts the cost of deadly storm https://t.co/jhW1q5goPp,46,@BBCWorld
47,-0.6597,0.403,0.597,0.0,09-08-2017 12:29:27,Negroponte: US strike on North Korea would 'wreak havoc' https://t.co/QVFuBV9ygr,47,@BBCWorld
48,0.3182,0.0,0.874,0.126,09-08-2017 08:18:14,"RT @BBCSport: Bibiana Steinhaus will become the Bundesliga's first female referee.

A huge moment for the league.

https://t.co/zsUzcTXD9F…",48,@BBCWorld
49,0.0,0.0,1.0,0.0,09-08-2017 02:16:13,"Australians surrender 26,000 guns in national amnesty: https://t.co/mJhnrfXvhy https://t.co/r1xqtokt9K",49,@BBCWorld
50,-0.2263,0.125,0.784,0.09,09-07-2017 20:45:27,"RT @BBCBreaking: Jose upgraded to a major hurricane with winds of 120mph, as Irma continues to cause huge damage in the Caribbean https://t…",50,@BBCWorld
51,0.0,0.0,1.0,0.0,09-07-2017 14:51:32,BBC witnesses Myanmar Muslim village burn https://t.co/I1yxKHQnQg,51,@BBCWorld
52,-0.1531,0.167,0.833,0.0,09-07-2017 09:58:13,"Why is Bulgaria's population falling off a cliff? ?

https://t.co/ytoXA5avtu https://t.co/BmuSEfR5YL",52,@BBCWorld
53,0.0,0.0,1.0,0.0,09-07-2017 05:09:03,"RT @BBCNewsAsia: China's Dalian Wanda Group sues over ""malicious rumours"" about billionaire chairman Wang Jianlin: https://t.co/dXRDvHvXXM…",53,@BBCWorld
54,0.5859,0.0,0.678,0.322,09-06-2017 22:51:45,Aeroflot flight attendants win compensation over uniform size https://t.co/MblHPPMgLn,54,@BBCWorld
55,0.0,0.0,1.0,0.0,09-06-2017 15:52:26,"Follow the latest news on #hurricaneirma

https://t.co/ggLkeQh7Qr https://t.co/oakkbTAs9i",55,@BBCWorld
56,-0.4939,0.151,0.849,0.0,09-06-2017 12:26:52,"RT @BBCBreaking: Hurricane Irma has caused major flooding and damage to buildings on several Caribbean islands, France says https://t.co/zd…",56,@BBCWorld
57,0.4939,0.0,0.878,0.122,09-06-2017 06:56:33,RT @BBCBusiness: On #BBCBizLive: As Ryanair changes the rules on hand baggage as we're taking too much on board - let us know your stories…,57,@BBCWorld
58,0.0,0.0,1.0,0.0,09-05-2017 23:19:27,New insurgency https://t.co/dymncVLVYd,58,@BBCWorld
59,0.0,0.0,1.0,0.0,09-05-2017 15:16:09,For more on Hurricane Irma https://t.co/L1foeCZQ3c https://t.co/3Ec1KR2Np2,59,@BBCWorld
60,-0.4404,0.333,0.523,0.144,09-05-2017 10:11:59,Chinese man jailed for helping net users evade state blocks https://t.co/9Y0n2bR2AB,60,@BBCWorld
61,0.4215,0.0,0.851,0.149,09-05-2017 06:10:09,RT @BBCSteveR: The father who saved his children from IS in Syria. My report from Dagestan. https://t.co/lGY94EH24J,61,@BBCWorld
62,0.1779,0.0,0.638,0.362,09-04-2017 23:12:04,Escape from IS https://t.co/fnYfY6SYtz,62,@BBCWorld
63,0.0,0.0,1.0,0.0,09-04-2017 15:47:34,Hong Kong replaces BBC world radio with Chinese broadcaster https://t.co/SeTtGtPd0T,63,@BBCWorld
64,0.0,0.0,1.0,0.0,09-04-2017 10:42:12,Rocco Morabito: Italian mafia boss held in Uruguay https://t.co/rDlGXkumN8,64,@BBCWorld
65,0.0,0.0,1.0,0.0,09-04-2017 01:18:40,Burning fuel hits crowd at Australian drag-racing event https://t.co/rt8t246v5u,65,@BBCWorld
66,0.765,0.0,0.752,0.248,09-03-2017 15:38:53,"RT @BBCSport: Lewis Hamilton has had the perfect weekend ??

He leads the #F1 championship for the first time in 2017 https://t.co/IgRu0YXy…",66,@BBCWorld
67,-0.6249,0.672,0.328,0.0,09-03-2017 04:57:11,Crisis management https://t.co/vJOrKwKuC4,67,@BBCWorld
68,-0.1531,0.071,0.929,0.0,09-02-2017 11:37:46,"RT @BBCSport: Rain is falling &amp; #ItalianGP qualifying could be very eventful, if it gets under way at all.

Live page https://t.co/Eb4oSSe2…",68,@BBCWorld
69,0.1511,0.0,0.85,0.15,09-02-2017 01:13:33,Canada hospital not charged after switching men at birth https://t.co/F1keBsOh3F,69,@BBCWorld
70,0.0,0.0,1.0,0.0,09-01-2017 17:27:10,Multiple waterspouts spotted in Sochi https://t.co/IBaLjvyBss,70,@BBCWorld
71,0.5423,0.067,0.67,0.263,09-01-2017 08:57:48,"Young fan dragged away by Lionel Messi's security, finally gets to meet his idol https://t.co/3OtN8IVFep",71,@BBCWorld
72,-0.8176,0.385,0.615,0.0,09-01-2017 01:49:17,Man arrested in Melbourne over viral video showing 'abhorrent' killing of kangaroo: https://t.co/00OYJTA0hl https://t.co/EiREInLR9Z,72,@BBCWorld
73,-0.1531,0.186,0.814,0.0,08-31-2017 20:11:55,"Houston floods: Storm Harvey 'affected 100,000 homes' https://t.co/qc2zI30Onq",73,@BBCWorld
74,-0.5994,0.206,0.794,0.0,08-31-2017 14:09:13,"20 years after her death, we look back at the life of #PrincessDiana https://t.co/lRK89NtOZ8 #Diana20 https://t.co/jZJ9fHSzvw",74,@BBCWorld
75,0.7579,0.0,0.745,0.255,08-31-2017 09:15:21,"RT @BBC_HaveYourSay: ""I am lucky to have met her - this should be a time to celebrate her life."" Remembering Princess Diana https://t.co/gm…",75,@BBCWorld
76,-0.0772,0.302,0.698,0.0,08-30-2017 23:33:52,Two worlds collide https://t.co/5UkHdkmrJb,76,@BBCWorld
77,-0.7184,0.261,0.739,0.0,08-30-2017 17:46:27,RT @BBCNewsGraphics: In maps: flooding and storm damage. Texas begins to assess the devastation caused by storm Harvey. https://t.co/UN02rC…,77,@BBCWorld
78,0.0,0.0,1.0,0.0,08-30-2017 11:18:05,Houston reels as Storm Harvey moves on to Louisiana https://t.co/dEnNVxORpa,78,@BBCWorld
79,-0.4404,0.266,0.734,0.0,08-30-2017 06:26:24,Guatemala court overrules order to expel UN official https://t.co/madgnNIyPx,79,@BBCWorld
80,-0.3818,0.464,0.536,0.0,08-29-2017 23:51:17,Losing your voice https://t.co/WtDNaBAEwl,80,@BBCWorld
81,0.4215,0.0,0.859,0.141,08-29-2017 15:45:41,"Storm #Harvey latest:
• Over 3,500 people rescued by @NationalGuard (about 300 by hoist)
• nearly 300 animal rescue… https://t.co/deJvXV0S9Y",81,@BBCWorld
82,0.0,0.0,1.0,0.0,08-29-2017 09:05:33,"RT @BBC_HaveYourSay: ""Unprecedented"", ""catastrophic"", ""historic"", ""epic"" - experiences of people caught in the #harveyhouston floods
https:…",82,@BBCWorld
83,0.0,0.0,1.0,0.0,08-29-2017 01:53:10,RT @BBCNewsAsia: Thailand's political trial of the decade - explained: https://t.co/kDlFLZwiwX https://t.co/zb6926wvCz,83,@BBCWorld
84,-0.5574,0.34,0.66,0.0,08-28-2017 15:23:57,Trump administration sued over transgender military ban https://t.co/bTrdSIcq8U,84,@BBCWorld
85,0.0,0.0,1.0,0.0,08-28-2017 09:36:31,Storm #Harvey: This photo of elderly residents submerged in water in Texas went viral — prompting their rescue… https://t.co/y1CvwvKDQn,85,@BBCWorld
86,0.0,0.0,1.0,0.0,08-27-2017 23:55:58,"Finale is here. #GoTS7 #GameofThrones #GoT 

Who rightfully deserves the Iron Throne? Our analysis:… https://t.co/yEOCSc9UON",86,@BBCWorld
87,-0.836,0.357,0.643,0.0,08-27-2017 14:00:04,RT @BBCJamesCook: Houston has the feel of a city in crisis. The motorways are empty. Abandoned cars are everywhere. https://t.co/6nKwkStsnp,87,@BBCWorld
88,-0.3818,0.148,0.852,0.0,08-27-2017 07:27:47,Tropical Storm Harvey continues to lash Texas - which is now bracing itself for severe flooding… https://t.co/T3aWevocVf,88,@BBCWorld
89,-0.9136,0.809,0.191,0.0,08-27-2017 00:05:26,Spain attacks: Suspects' sister condemns violence https://t.co/BjXXn7JDbq,89,@BBCWorld
90,0.0,0.0,1.0,0.0,08-26-2017 11:03:05,Wind-whipped flames engulf buildings in Texas https://t.co/696kdjJs6F,90,@BBCWorld
91,-0.3818,0.464,0.536,0.0,08-25-2017 23:38:16,International food fight https://t.co/Z1OBq9fWw7,91,@BBCWorld
92,0.0,0.0,1.0,0.0,08-25-2017 15:52:32,Toronto orchestra closed after fat-shaming singers https://t.co/u53prsU7nH,92,@BBCWorld
93,-0.3818,0.184,0.697,0.119,08-25-2017 11:15:41,"RT @BBCBreaking: Three people believed to be supporters of spiritual leader #RamRahimSingh killed after his conviction, reports say https:/…",93,@BBCWorld
94,0.6369,0.0,0.84,0.16,08-25-2017 06:59:13,"RT @BBCSport: Is the man we see on camera the real Conor McGregor?

We've had a chat with those who know him best: https://t.co/cYz2bPyHec…",94,@BBCWorld
95,0.3612,0.0,0.545,0.455,08-25-2017 00:30:13,Praying for asylum https://t.co/ca2q12rkSz,95,@BBCWorld
96,0.0,0.0,1.0,0.0,08-24-2017 15:41:53,There are military parades — and then there's Mecca's mega military parade ? https://t.co/MeGMw7Vklc,96,@BBCWorld
97,0.0,0.0,1.0,0.0,08-24-2017 10:23:59,White House gets the builders in for renovations https://t.co/I8DD1fx3au,97,@BBCWorld
98,-0.7906,0.318,0.682,0.0,08-24-2017 03:40:14,RT @BBCNewsAsia: 12 dead and hundreds left injured after Typhoon Hato sweeps across southern China: https://t.co/Dl45lxERaz https://t.co/rC…,98,@BBCWorld
99,0.0,0.0,1.0,0.0,08-23-2017 19:55:03,Donald Trump softens tone to urge 'a new unity' https://t.co/FvGPVk3p7w,99,@BBCWorld
100,0.1779,0.0,0.898,0.102,09-21-2017 15:00:04,Amazon is reviewing its website after it suggested customers in the U.K. buy bomb-making ingredients:… https://t.co/ewvSTN907U,0,@CBSNews
101,0.6369,0.0,0.755,0.245,09-21-2017 12:34:35,Domino’s President &amp; CEO Patrick Doyle has been credited with reinvigorating the brand. He joins @CBSThismorning to… https://t.co/2sGnT6ulIM,1,@CBSNews
102,0.0516,0.0,0.941,0.059,09-21-2017 11:40:47,AHEAD on @CBSThisMorning: An autistic boy’s family wants an apology from an Arizona police officer after he was hur… https://t.co/ycPJqQdneC,2,@CBSNews
103,0.296,0.0,0.891,0.109,09-21-2017 10:45:01,.@Dominos CEO Patrick Doyle will join @CBSThisMorning to discuss how the pizza company is aiming to deliver pizzas… https://t.co/LDiu5EqffH,3,@CBSNews
104,0.3612,0.0,0.839,0.161,09-21-2017 06:48:05,"As campaign chairman, Manafort offered wealthy Russian ""private briefings"" on 2016 election https://t.co/wyWRd8BrOX https://t.co/C1G9UB65MA",4,@CBSNews
105,0.5267,0.0,0.805,0.195,09-21-2017 01:35:03,Attorney General Jeff Sessions to testify before Senate panel about Department of Justice oversight… https://t.co/btUL8oUcOd,5,@CBSNews
106,-0.4118,0.126,0.874,0.0,09-20-2017 22:39:04,"At least 230 people were killed, but there are also incredible stories of survival. @BojorquezCBS has more from Mex… https://t.co/CipvBXJbwz",6,@CBSNews
107,0.0,0.0,1.0,0.0,09-20-2017 18:15:26,"NEW: Hurricane Maria has been downgraded to a Category 3 storm, National Hurricane Center says… https://t.co/txJO0mHnRr",7,@CBSNews
108,-0.4019,0.184,0.816,0.0,09-20-2017 16:05:01,"""Mini Satans"": Hospital employees removed after shocking Facebook post goes viral https://t.co/whQwU2wleM https://t.co/gTyUKkDC5J",8,@CBSNews
109,0.0,0.0,1.0,0.0,09-20-2017 12:54:40,"“It’s kind of about life and how you got to deal with what’s coming, you got to keep shooting,” Moynihan says on ne… https://t.co/pqlKXjG05K",9,@CBSNews
110,0.0,0.0,1.0,0.0,09-20-2017 11:49:44,"New Orleans @MayorLandrieu called for the removal of Confederate monuments. Ahead on @CBSThisMorning, he discusses… https://t.co/LuiHNgzGkT",10,@CBSNews
111,0.0,0.0,1.0,0.0,09-20-2017 11:03:29,RT @CBSThisMorning: NOW: We're in Mexico City with the latest on a deadly earthquake + @DavidBegnaud has the latest on #Maria from Puerto R…,11,@CBSNews
112,-0.4767,0.22,0.78,0.0,09-20-2017 08:03:05,White Baton Rouge man arrested in deaths of 2 black men https://t.co/vq1qMB1Unh https://t.co/95ZJzerWZT,12,@CBSNews
113,-0.5106,0.249,0.751,0.0,09-20-2017 02:40:02,Federal appeals court blocks San Francisco law requiring health warning on soda ads https://t.co/3wbxENkCPx https://t.co/EK87R51ZWG,13,@CBSNews
114,0.4019,0.0,0.87,0.13,09-19-2017 22:39:44,"""Please, let us help you,"" governor of Puerto Rico tells residents ahead of Hurricane Maria's expected landfall on… https://t.co/xjn5pkCIA8",14,@CBSNews
115,0.4549,0.0,0.864,0.136,09-19-2017 19:39:31,"""Mexico is a very seismically active area all the time,"" USGS geophysicist says of 7.1 tremor south of Mexico City… https://t.co/1V5Mal9obX",15,@CBSNews
116,0.1779,0.123,0.728,0.149,09-19-2017 16:16:11,"""There is no easy way out, no easy answer, but we need to find something in between,"" Jens Stoltenberg says of Nort… https://t.co/VrfrDMbe4Q",16,@CBSNews
117,0.4005,0.0,0.856,0.144,09-19-2017 14:07:58,"Americans ""will emerge from these hardships more determined than ever before,"" Pres. Trump says of hurricanes… https://t.co/QoDg1C3zAF",17,@CBSNews
118,0.0,0.0,1.0,0.0,09-19-2017 12:28:13,"Ellen Pao rocked the tech when sued a Silicon Valley giant for gender discrimination. Ahead, she joins… https://t.co/8HtzLIW9Vm",18,@CBSNews
119,-0.296,0.109,0.891,0.0,09-19-2017 11:21:30,AHEAD on @CBSThisMorning: The University of Rochester is accused of not acting against a sexual predator on its fac… https://t.co/iJGFT9fBa3,19,@CBSNews
120,-0.3612,0.185,0.815,0.0,09-19-2017 09:18:07,Sean Spicer says he regrets claim about Trump inauguration crowd https://t.co/5YAEZJEoVH https://t.co/xudQfvYcwf,20,@CBSNews
121,-0.5423,0.212,0.788,0.0,09-19-2017 04:33:06,"""Why shoot?"": Family speaks out after fatal shooting of Georgia Tech student https://t.co/x308CEitSL https://t.co/yjO4VKq3ZK",21,@CBSNews
122,-0.2263,0.091,0.909,0.0,09-18-2017 22:54:51,.@NancyPelosi was shouted down by dozens of protesters as she held a news conference in San Francisco to urge passa… https://t.co/lRPQYLYZYG,22,@CBSNews
123,0.4215,0.0,0.823,0.177,09-18-2017 19:21:57,NOW: Pres. Trump meets with French President Emmanuel Macron at the United Nations https://t.co/G3yp74iMrh,23,@CBSNews
124,0.6908,0.0,0.778,0.222,09-18-2017 14:07:27,“We commend the secretary general and his call for the United Nations to focus more on people and less on bureaucra… https://t.co/yd3RwHV2DY,24,@CBSNews
125,0.6115,0.0,0.826,0.174,09-18-2017 12:04:48,History was made at the Emmys. Julia Louis-Dreyfus holds the record for most wins by a performer in a single role… https://t.co/7uqhwgIs5D,25,@CBSNews
126,0.0,0.0,1.0,0.0,09-18-2017 11:05:43,"North Korea’s nuclear program is the focus at the UN, where Pres. Trump starts a weeklong series of meetings Monday… https://t.co/oca6NZ5OkL",26,@CBSNews
127,0.0,0.0,1.0,0.0,09-18-2017 06:18:07,"Ex-British spy on leading a ""double life"" as a famous author https://t.co/nKjjLXYvn8 https://t.co/r0jO5HcI5i",27,@CBSNews
128,0.5106,0.0,0.708,0.292,09-18-2017 01:18:06,Honoring the chief carver of Mount Rushmore https://t.co/VJCuihm8xX https://t.co/weOabynfQL,28,@CBSNews
129,0.0,0.0,1.0,0.0,09-17-2017 18:25:01,"Secretary of State Tillerson says Pres. Trump is open to staying in Paris climate accord under ""right conditions""… https://t.co/TcTvanvDT7",29,@CBSNews
130,0.5719,0.127,0.558,0.315,09-17-2017 12:18:06,"After heartfelt letter, woman steps in to help lonely neighbor in need https://t.co/EEiXQxqniL https://t.co/bb60vAMluA",30,@CBSNews
131,0.1027,0.117,0.745,0.138,09-17-2017 07:18:07,Kelly Clarkson says she gave up big bucks to avoid credit with Dr. Luke https://t.co/yScmmRwgpG https://t.co/tdGJPqphh7,31,@CBSNews
132,-0.6486,0.264,0.736,0.0,09-17-2017 02:33:04,"World's oldest person dead at age 117, Jamaican Prime Minister says https://t.co/rMBzNFNrTQ https://t.co/9TTYNGZqJy",32,@CBSNews
133,-0.8689,0.366,0.634,0.0,09-16-2017 21:00:32,"These detectives tackled the case of a serial rapist on the loose. What they found will shock you, Saturday 10/9c.… https://t.co/mYbUv1liye",33,@CBSNews
134,0.4019,0.0,0.856,0.144,09-16-2017 15:20:01,"California approves ""sanctuary state"" bill that would limit how police can interact with federal immigration agents… https://t.co/OKAzripYoZ",34,@CBSNews
135,0.0258,0.0,0.909,0.091,09-16-2017 11:33:05,North Korea missile test over Japan shows Guam in reach https://t.co/4RjVqCHhXS https://t.co/XtIyAgEMv9,35,@CBSNews
136,0.0,0.0,1.0,0.0,09-16-2017 06:33:05,Federal judge rules President Trump can't withhold money from sanctuary cities https://t.co/rt0KQpVSVB https://t.co/2quaBgEs0Z,36,@CBSNews
137,0.0,0.0,1.0,0.0,09-16-2017 01:30:27,Authorities release surveillance footage from Illinois hotel where Kenneka Jenkins' body was discovered in a freeze… https://t.co/VnU1r29rcL,37,@CBSNews
138,0.0,0.0,1.0,0.0,09-15-2017 22:40:35,"President Trump said U.S. options for dealing with North Korea are “effective and overwhelming."" @CBSDavidMartin wi… https://t.co/J6grLFXXQK",38,@CBSNews
139,0.5106,0.0,0.858,0.142,09-15-2017 20:03:49,"""We know that we are free because you are brave,"" Melania Trump tells Air Force, thanking them for their service… https://t.co/0pvCIViMuu",39,@CBSNews
140,0.3182,0.0,0.881,0.119,09-15-2017 17:31:30,"""America respects the sovereignties of other countries, expects other nations to do the same,"" H.R. McMaster says… https://t.co/WecxSb5AWF",40,@CBSNews
141,0.2263,0.114,0.725,0.161,09-15-2017 12:54:31,"What is Russia's end goal? 
Rutenberg: ""Intelligence assessments said it's to pressure the establishment government… https://t.co/TT7O1G4KtI",41,@CBSNews
142,0.0,0.0,1.0,0.0,09-15-2017 11:18:40,"Post-Irma, ""80,000 people live in the [Florida Keys] and we still don't know when all of them will be allowed to re… https://t.co/yfXsCkOeYh",42,@CBSNews
143,-0.6997,0.367,0.633,0.0,09-15-2017 10:03:07,Distracted driving study maps the most dangerous roads near schools https://t.co/8Af2TYC5Rl https://t.co/uPcldJkgUP,43,@CBSNews
144,-0.128,0.225,0.574,0.201,09-15-2017 05:18:06,"Texts point to love triangle in murder of pregnant teacher, police say https://t.co/fRSAEnFa1l https://t.co/raD1TLLRFI",44,@CBSNews
145,-0.2732,0.208,0.792,0.0,09-15-2017 00:00:03,"Is Apple's iPhone X facial recognition a privacy risk?
https://t.co/pLIWXQSKNs https://t.co/zNtnLhAQmd",45,@CBSNews
146,0.4019,0.0,0.886,0.114,09-14-2017 20:15:02,Nestle buys majority stake in Blue Bottle Coffee as it looks to the high-end chain to boost its U.S. coffee busines… https://t.co/L1pv9b6Faw,46,@CBSNews
147,0.0,0.0,1.0,0.0,09-14-2017 16:31:39,"Pres. Trump is handing out supplies to those impacted by Hurricane Irma in Naples, Florida https://t.co/QnXQnxARjk https://t.co/V7rHofclnw",47,@CBSNews
148,-0.5574,0.167,0.833,0.0,09-14-2017 14:00:03,"ESPN's Jemele Hill tweets after WH says she could be fired for tweets calling Pres. Trump a ""white supremacist""… https://t.co/FNUZncjWBW",48,@CBSNews
149,-0.2263,0.142,0.756,0.102,09-14-2017 12:13:04,"Irma caused extensive damage to citrus crops, which could increase orange juice prices. Fla. produces about half of… https://t.co/gII8wwiXd7",49,@CBSNews
150,-0.6486,0.193,0.807,0.0,09-14-2017 11:18:15,New details are emerging about a shooting at a Washington high school that left one student dead &amp; three injured… https://t.co/Q7ZPOEJH8E,50,@CBSNews
151,-0.6757,0.316,0.684,0.0,09-14-2017 08:33:05,"""More damaging, more costly"" wildfires scorch parts of western U.S. and Canada https://t.co/ohfenlRsfU https://t.co/hpi9uNxCC4",51,@CBSNews
152,0.0,0.0,1.0,0.0,09-14-2017 03:20:02,"Viral Facebook photo of Gainesville ""hot cops"" leads to calendar fundraiser for Irma https://t.co/Gh59KMsZXD https://t.co/5dhszCKUDW",52,@CBSNews
153,0.0,0.0,1.0,0.0,09-13-2017 22:54:00,.@SenatorTimScott met with Pres. Trump today to discuss race relations. He spoke with @nancycordes after their meet… https://t.co/KEnT3bLGcA,53,@CBSNews
154,-0.4939,0.144,0.856,0.0,09-13-2017 19:15:03,President Trump will travel to Florida on Thursday to observe the response to the damage wrought by Hurricane Irma:… https://t.co/xMEchTkumk,54,@CBSNews
155,0.0,0.0,1.0,0.0,09-13-2017 16:40:01,A DACA student who says she was targeted for deportation by a classmate says her university has done nothing to hel… https://t.co/F7iFIvvQCw,55,@CBSNews
156,0.7269,0.0,0.736,0.264,09-13-2017 13:15:02,"Jimmy Carter offers his advice to Pres. Trump: ""Keep the peace, promote human rights and tell the truth.""… https://t.co/8gF43ABFqU",56,@CBSNews
157,-0.91,0.451,0.549,0.0,09-13-2017 11:45:22,A convicted killer pleaded guilty to killing two Maryland sisters who vanished more than 40 years ago: https://t.co/Ui9OpVytsG,57,@CBSNews
158,0.296,0.0,0.885,0.115,09-13-2017 10:35:01,Apple lifted the curtain on its latest iPhones yesterday. @nxthompson will join @CBSThisMorning to discuss the phon… https://t.co/zIYxRqvjS4,58,@CBSNews
159,-0.5574,0.205,0.795,0.0,09-13-2017 05:48:04,"Parents of 15-year-old who died on hiking trip say Boy Scouts ""violated"" policies https://t.co/kbatYOyJNk https://t.co/MmKpPIM0KH",59,@CBSNews
160,0.7096,0.0,0.763,0.237,09-13-2017 00:46:00,"RT @CBSThisMorning: ""Our friends at @Apple have generously donated $5 million tonight. Which, coincidentally, is also the price of the new…",60,@CBSNews
161,0.0772,0.0,0.92,0.08,09-12-2017 22:41:46,Irma stranded American tourists on a number of Caribbean Islands. @tonydokoupil has been following their ordeal. https://t.co/xHjaKiQnS5,61,@CBSNews
162,0.0,0.0,1.0,0.0,09-12-2017 18:49:54,WATCH LIVE: @PressSec Sarah Huckabee Sanders holds briefing from White House https://t.co/Okz2bwUl4f https://t.co/zVQJKAlJfC,62,@CBSNews
163,0.0,0.0,1.0,0.0,09-12-2017 15:30:02,"TV anchor, in an interview with Secy. Interior Zinke, appears to compare 9/11 memorial to Confederate controversy:… https://t.co/yZdOd1tosj",63,@CBSNews
164,0.0,0.0,1.0,0.0,09-12-2017 12:35:42,Here’s some of today’s headlines on @CBSThisMorning: https://t.co/IcYrlpkrqE,64,@CBSNews
165,0.0,0.0,1.0,0.0,09-12-2017 11:39:28,Thousands were stranded in St. Maarten after Irma. @tonydokoupil is in Puerto Rico where stranded people were taken… https://t.co/591FGLMRoc,65,@CBSNews
166,-0.5994,0.245,0.755,0.0,09-12-2017 08:48:05,"Florida Keys compared to a ""war zone"" in wake of Hurricane Irma https://t.co/kvCnZeVyVW https://t.co/jKTxriSMnI",66,@CBSNews
167,-0.5994,0.245,0.755,0.0,09-12-2017 04:03:04,"Florida Keys compared to a ""war zone"" in wake of Hurricane Irma https://t.co/M1oURoHVQZ https://t.co/fGHrdAQDqB",67,@CBSNews
168,0.128,0.12,0.733,0.147,09-11-2017 21:30:03,Irma weakened to a still-dangerous tropical storm on Monday. Here's what's next for the powerful storm… https://t.co/fbZoYQHb5K,68,@CBSNews
169,-0.3182,0.099,0.901,0.0,09-11-2017 18:23:31,Pres. Trump and First lady Melania paused for a moment of silence for victims of 9/11 at the White House on Monday… https://t.co/LV1Pvzz1ml,69,@CBSNews
170,0.0,0.0,1.0,0.0,09-11-2017 13:10:37,Storm surge flooding in Jacksonville exceeds all-time record set by Hurricane Dora in 1964 https://t.co/V8L0PRstAv https://t.co/AIC9PsvGA8,70,@CBSNews
171,-0.2006,0.079,0.921,0.0,09-11-2017 12:17:51,“Big thing is still keep everybody alive...this is a very tough time because you’re going to be out of power for a… https://t.co/CVf1v5tgdR,71,@CBSNews
172,-0.6249,0.186,0.814,0.0,09-11-2017 11:22:12,"The Keys are facing what is being called a humanitarian crisis. Ahead, @CBSThisMorning is there with a look at the… https://t.co/lxDNhOQBRQ",72,@CBSNews
173,0.5106,0.0,0.784,0.216,09-11-2017 10:10:16,"Rescuers used a military-style vehicle to rescue a family in Lakeland, Fla. overnight https://t.co/R2Us5896aD https://t.co/mavgC4KyG1",73,@CBSNews
174,-0.4767,0.204,0.796,0.0,09-11-2017 07:08:25,"Restless before the brunt of Irma struck, a Florida resident ""went for a ride"" and happened upon 2 stranded manatee… https://t.co/EmVkmw6niD",74,@CBSNews
175,0.0,0.0,1.0,0.0,09-11-2017 01:10:01,Irma raked the Florida Keys on Sunday and early signs of the storm's power were displayed on social media… https://t.co/JC2hUZA2wQ,75,@CBSNews
176,0.0,0.0,1.0,0.0,09-10-2017 22:18:41,.@ericfisher from @cbsboston talks about what to expect for the storm surge caused by Hurricane Irma.… https://t.co/FjNZjPB64f,76,@CBSNews
177,0.2732,0.0,0.896,0.104,09-10-2017 19:45:38,"As Irma continued toward the Gulf Coast of Florida, certain areas were hit with flooding and tornado warnings… https://t.co/vIXEoh6sp2",77,@CBSNews
178,0.0,0.0,1.0,0.0,09-10-2017 17:18:36,RT @BojorquezCBS: WATCH: An awning outside the Westin Fort Lauderdale Hotel starting to peel away due to Hurricane #Irma @CBSNews #FortLaud…,78,@CBSNews
179,0.1779,0.0,0.918,0.082,09-10-2017 15:35:10,"Three deaths are reported in Florida. Hurricane and tropical storm winds extend over 200 miles wide and over 100,00… https://t.co/qpgzNtpnhD",79,@CBSNews
180,-0.3818,0.12,0.88,0.0,09-10-2017 13:20:01,"Miami Beach mayor stayed in his office as Hurricane Irma hits, planning to go to the  emergency operations center… https://t.co/lNnFHqgFza",80,@CBSNews
181,-0.4019,0.13,0.87,0.0,09-10-2017 12:16:12,"“We’ve done whatever we can to be prepared...the problem is this is covering our entire state,” @FLGovScott says… https://t.co/qEgr7qrr9W",81,@CBSNews
182,0.4215,0.0,0.882,0.118,09-10-2017 11:32:25,A man in the Florida Keys was seen being knocked down by powerful waves caused by Hurricane Irma as it moved toward… https://t.co/oMTDkupEjE,82,@CBSNews
183,0.0,0.0,1.0,0.0,09-10-2017 10:37:26,"The population of the Tampa Bay area was about 135,000 when it was last directly hit by a hurricane in 1921. Today,… https://t.co/6e2yXdHTr1",83,@CBSNews
184,0.4019,0.0,0.863,0.137,09-10-2017 09:10:13,"AHEAD: Special edition of @CBSThisMorning to air at 6a ET; @NorahODonnell, @charlierose &amp; @GayleKing to have latest… https://t.co/3cZhMG4frY",84,@CBSNews
185,0.3182,0.0,0.892,0.108,09-10-2017 03:20:23,Man knocked over by huge wave in the Florida Keys while surveying the rough waters ahead of Hurricane Irma… https://t.co/taHmNpUV1b,85,@CBSNews
186,-0.1027,0.069,0.931,0.0,09-09-2017 22:40:23,"If you're in an evacuation zone, you need to get to a shelter — ""there's not many hours left,"" warns @FLGovScott… https://t.co/wrWJ3qpqoT",86,@CBSNews
187,0.2585,0.0,0.908,0.092,09-09-2017 18:45:38,"""It's just sort of a little bit of a calm before the real storm,"" says @DavidOvalle305, who is reporting from Key W… https://t.co/nW8jVJ8Ynx",87,@CBSNews
188,-0.7003,0.326,0.674,0.0,09-09-2017 14:00:09,"Jose weakened slightly overnight but remains a ""dangerous Category 4 hurricane,"" National Hurricane Center says… https://t.co/W6GZzNaN43",88,@CBSNews
189,0.0,0.0,1.0,0.0,09-09-2017 11:33:04,"In Coral Gables, residents plan to ride out Irma on boats https://t.co/oQXFogzKo8 https://t.co/NyPuCzFG7a",89,@CBSNews
190,0.0,0.0,1.0,0.0,09-09-2017 07:48:04,"Steve Bannon interview: Trump's ""Access Hollywood"" tape was a ""litmus test"" https://t.co/3UFLysDu1o https://t.co/3UTXB7DZ1V",90,@CBSNews
191,0.1901,0.052,0.821,0.127,09-09-2017 03:06:01,"""We want to pretend that this made us stronger, but we are all terrified,"" U.S. woman stranded in St. Maarten says… https://t.co/HEF3rTbXZ9",91,@CBSNews
192,-0.802,0.286,0.714,0.0,09-08-2017 22:53:06,"""The worst part of the storm is the front right quadrant,"" @LonnieQuinnTV reports; peak winds made worse by forward… https://t.co/YciE4zNYau",92,@CBSNews
193,-0.3818,0.21,0.654,0.136,09-08-2017 21:00:03,"Dozens killed after one of Mexico's strongest earthquakes hit, toppling buildings &amp; triggering tsunami evacuations… https://t.co/9SvuNPiOpp",93,@CBSNews
194,-0.34,0.124,0.876,0.0,09-08-2017 17:00:05,"""His performance was incredibly poor."" Steve Mnuchin's appearance at the House GOP meeting flops with some members:… https://t.co/PyP7JQi2Sr",94,@CBSNews
195,-0.3612,0.111,0.889,0.0,09-08-2017 13:35:02,"House to vote on Harvey aid, debt limit and government funding bill, which could send the massive package to POTUS:… https://t.co/evDJYciB7R",95,@CBSNews
196,-0.3182,0.133,0.867,0.0,09-08-2017 11:58:29,"RT @CBSThisMorning: WATCH: Steve Bannon says Trump's leaked @AccessHollywood tape was a ""litmus test."" MORE: https://t.co/VB2QjOcKbw @60Min…",96,@CBSNews
197,0.296,0.0,0.784,0.216,09-08-2017 10:46:00,RT @jeffglor: Will join @CBSThisMorning from Miami at 7 https://t.co/j6T33WaIVM,97,@CBSNews
198,0.0,0.0,1.0,0.0,09-08-2017 07:18:06,S. Korea deploys THAAD launchers as China gives nod to U.N. sanctions against north https://t.co/eh6TQTuTsV https://t.co/v4KKRYg7Cg,98,@CBSNews
199,-0.5574,0.205,0.795,0.0,09-08-2017 01:40:03,9th Circuit Court of Appeals rules against Trump administration on revised travel ban https://t.co/N3EfzZYMqI https://t.co/FDSgPop33i,99,@CBSNews
200,0.0,0.0,1.0,0.0,09-21-2017 15:04:18,Chuck Grassley's quote on repealing Obamacare is incredibly telling https://t.co/LoZe3ufZb3 https://t.co/KhkgUNFXM7,0,@CNN
201,0.4939,0.122,0.585,0.293,09-21-2017 11:59:06,Facebook donates $1 million to help victims of a powerful earthquake in Mexico https://t.co/6bI7BTAk4h https://t.co/lk1z9lSvhi,1,@CNN
202,0.1531,0.131,0.707,0.162,09-21-2017 10:29:01,How Jimmy Kimmel became the conscience of the health care fight | Analysis by @CillizzaCNN https://t.co/XxgJvGJGwd https://t.co/Qu2OD2OU5B,2,@CNN
203,0.0,0.0,1.0,0.0,09-21-2017 08:10:57,"Hurricane #Maria caused widespread flooding on the streets of San Juan, Puerto Rico  https://t.co/VhekXcMj73 https://t.co/BSBO1kaXYX",3,@CNN
204,-0.3182,0.119,0.881,0.0,09-21-2017 05:17:39,"#Maria, which has weakened to a Category 2 storm, is expected to cause major flooding in the Dominican Republican… https://t.co/iDDBQhsoT3",4,@CNN
205,0.2263,0.091,0.782,0.128,09-21-2017 03:03:36,RT @CNNTonight: Former Dir. of National Intelligence James Clapper says he has no knowledge of a FISA warrant for Paul Manafort https://t.c…,5,@CNN
206,0.0,0.0,1.0,0.0,09-21-2017 01:03:25,"RT @AC360: Report from the ground: #HurricaneMaria slammed Puerto Rico today, leaving the entire island without power https://t.co/C1eEjSQS…",6,@CNN
207,-0.6801,0.173,0.827,0.0,09-20-2017 22:39:01,"RT @CNNSitRoom: Puerto Rico governor on Hurricane Maria: ""This is the most devastating storm, either in the century, or quite frankly in mo…",7,@CNN
208,-0.2263,0.101,0.899,0.0,09-20-2017 20:11:24,Zuckerberg could soon make a rare appearance on the witness stand in response to a lawsuit by Facebook shareholders https://t.co/TyFcND5Nb3,8,@CNN
209,0.4215,0.0,0.843,0.157,09-20-2017 16:40:57,First lady Melania Trump is speaking at a United Nations luncheon. Watch live on CNN: https://t.co/UYpqI3esEb https://t.co/60RnC3dazQ,9,@CNN
210,-0.2023,0.101,0.899,0.0,09-20-2017 13:30:04,"The Australian refugee deal that Donald Trump once derided as ""stupid"" and ""horrible"" is going ahead https://t.co/X8EHsstkIo",10,@CNN
211,0.0,0.0,1.0,0.0,09-20-2017 12:10:05,"Trump's ""Rocket Man"" nickname for Kim Jong Un doesn't make any sense, Michael D'Antonio writes for @CNNOpinion https://t.co/eY7KDWrLv4",11,@CNN
212,-0.5994,0.218,0.782,0.0,09-20-2017 11:00:02,This was the view from the ground as a violent magnitude-7.1 earthquake rocked Mexico https://t.co/FLUKlfmTkW https://t.co/djvt5UBnzh,12,@CNN
213,0.0,0.0,1.0,0.0,09-20-2017 09:40:06,"""When the earthquake hit, I was on a moving plane on the runway at Mexico City airport"" https://t.co/5JWekD6lUf",13,@CNN
214,0.0,0.0,1.0,0.0,09-20-2017 07:01:09,"""When the earthquake hit, I was on a moving plane on the runway at Mexico City airport"" https://t.co/ixXcboMZO5",14,@CNN
215,-0.5994,0.218,0.782,0.0,09-20-2017 04:16:29,This was the view from the ground as a violent magnitude-7.1 earthquake rocked Mexico https://t.co/aAmAoW7BB5 https://t.co/R2zeGMvF3G,15,@CNN
216,-0.296,0.121,0.879,0.0,09-20-2017 01:51:16,"Americans are worried about the Equifax hack. They're just not doing much about it, a poll suggests.… https://t.co/TIKO9Aqc9I",16,@CNN
217,0.0,0.0,1.0,0.0,09-19-2017 23:24:31,Israeli PM Benjamin Netanyahu took aim at Iran in a #UNGA speech with a message tailored for 1 man: President Trump… https://t.co/QNWzCRIH3n,17,@CNN
218,-0.743,0.283,0.717,0.0,09-19-2017 21:06:30,"BREAKING: At least 44 people are dead after a magnitude-7.1 earthquake that struck in Mexico, an official says… https://t.co/i6VhGImma7",18,@CNN
219,0.4215,0.0,0.823,0.177,09-19-2017 18:30:14,This charity rented out President Trump's childhood home and invited over refugees https://t.co/McHocJjeto https://t.co/WKovdGH6BT,19,@CNN
220,0.0,0.0,1.0,0.0,09-19-2017 15:22:19,The Republican Party’s last-ditch effort to repeal Obamacare is coming down to this one GOP Senator -- again… https://t.co/M2V9EzFP2D,20,@CNN
221,0.4168,0.0,0.873,0.127,09-19-2017 12:50:13,"The US is considering shooting down North Korean missiles even when they are not a direct threat, an official says… https://t.co/8PcOfJtloU",21,@CNN
222,0.0,0.0,1.0,0.0,09-19-2017 09:30:06,It's official: Taiwanese electronics manufacturer Foxconn will get $3 billion to build a plant in Wisconsin… https://t.co/s54aL0RX1z,22,@CNN
223,0.3182,0.082,0.779,0.139,09-19-2017 05:46:07,Sens. McCain and Murkowski are among the several Republicans who are undecided on the new GOP health care bill… https://t.co/mzG9Dx4YqG,23,@CNN
224,0.2755,0.0,0.869,0.131,09-19-2017 03:37:07,The world cannot ignore the plight of Rohingya Muslims | Emine Erdo?an writes for @CNNOpinion… https://t.co/6Jjv8CLPjl,24,@CNN
225,0.0,0.0,1.0,0.0,09-19-2017 01:15:36,Republican senators' latest attempt to repeal Obamacare could be the most far-reaching of GOP efforts this year https://t.co/il7REiG8H8,25,@CNN
226,0.3338,0.0,0.871,0.129,09-18-2017 23:21:55,"President Trump describes ""long"" call with Chinese President Xi Jinping: ""We have a very, very fine relationship"" https://t.co/Ehvl17RUiT",26,@CNN
227,0.0,0.0,1.0,0.0,09-18-2017 21:17:14,Myanmar's de facto leader Aung San Suu Kyi will on Tuesday publicly address the bloodshed in Rakhine State https://t.co/mjiUMsb45R,27,@CNN
228,0.0772,0.0,0.86,0.14,09-18-2017 18:26:44,Want a job as a NASA astronaut? Read this https://t.co/rgczVPzCp8 https://t.co/zCNlzuWKbt,28,@CNN
229,-0.2023,0.122,0.878,0.0,09-18-2017 14:47:03,Donald Trump's unpresidential presidency keeps hitting new lows I Analysis by Chris Cillizza https://t.co/AVYg2cAMR8 https://t.co/P7gGrO7wby,29,@CNN
230,0.0,0.0,1.0,0.0,09-18-2017 12:20:06,Neil deGrasse Tyson says it might be 'too late' to recover from climate change https://t.co/t3PDSk2ncG,30,@CNN
231,0.4767,0.0,0.78,0.22,09-18-2017 09:15:03,Here's the complete list of winners at the 2017 #Emmys https://t.co/KH4qPqmF6X https://t.co/nGdFByXhTr,31,@CNN
232,0.2732,0.0,0.87,0.13,09-18-2017 05:25:06,Former White House press secretary Sean Spicer made a surprise cameo at the #Emmys https://t.co/xDylbGKbXX https://t.co/L7ntkZiYKq,32,@CNN
233,0.7783,0.074,0.625,0.301,09-18-2017 02:37:05,"RT @CNNent: Nicole Kidman wins Outstanding Lead Actress in a Limited Series or TV Movie for #BigLittleLies #Emmys
https://t.co/l3ccLYndxL h…",33,@CNN
234,0.0,0.0,1.0,0.0,09-18-2017 00:00:22,Stephen Colbert returns to the #Emmys in Trump-fueled turnaround https://t.co/UKDQYpxwI3 https://t.co/8ImgdjrpQk,34,@CNN
235,-0.3612,0.171,0.829,0.0,09-17-2017 18:41:21,"RT @CNNPolitics: Sen. Bernie Sanders disputes Hillary Clinton: ""I worked as hard as I could"" to elect her https://t.co/gPYP5U14tS https://t…",35,@CNN
236,-0.6249,0.194,0.806,0.0,09-17-2017 14:24:12,"Aung San Suu Kyi ""doesn't really have the authority,"" to deal with the Rohingya crisis says @FraserNelson https://t.co/Zs2SLlQABI",36,@CNN
237,0.0,0.0,1.0,0.0,09-17-2017 07:00:20,"23andMe, the genetics testing startup, wants to develop drugs based on your DNA https://t.co/kGnYRmWKPy https://t.co/o3ISEzx3w0",37,@CNN
238,0.3612,0.0,0.839,0.161,09-16-2017 23:31:10,"What's the new $1,000 iPhone like? We got our hands on one: https://t.co/spjCfF3aug https://t.co/43bp48LHww",38,@CNN
239,0.0,0.0,1.0,0.0,09-16-2017 19:40:12,How the Equifax data breach happened: What we know now https://t.co/UW8tZKnhXD https://t.co/9Cw4SMLsIG,39,@CNN
240,-0.533,0.251,0.624,0.125,09-16-2017 16:10:30,"Identity theft is bad news for everyone, but it's especially dangerous for young adults who may need credit sooner https://t.co/mzCDpYlK54",40,@CNN
241,-0.2732,0.095,0.905,0.0,09-16-2017 12:30:18,"After goodwill during the Obama years, the views of Mexicans toward the US has hit a record low, new study shows… https://t.co/TwPx66lbbo",41,@CNN
242,0.8126,0.0,0.619,0.381,09-16-2017 08:00:14,Selena Gomez reveals that she received a kidney transplant from her best friend https://t.co/NX9A1MZHli https://t.co/777rLPjAhp,42,@CNN
243,-0.8271,0.339,0.661,0.0,09-16-2017 03:31:03,"Florida Keys residents trickle back to warning of new crisis: no fuel, power, running water and other basic service… https://t.co/eVfmeoowOp",43,@CNN
244,-0.7003,0.254,0.746,0.0,09-16-2017 00:43:44,The scene of protests in St. Louis after an ex-officer's acquittal in a 2011 shooting death. @dansimoncnn has more https://t.co/Tq1QswR9x3,44,@CNN
245,0.34,0.0,0.844,0.156,09-15-2017 22:11:43,"Equifax's chief information officer and chief security officer are retiring, the company announced… https://t.co/cOPNku16nO",45,@CNN
246,0.0,0.0,1.0,0.0,09-15-2017 19:36:08,Pence family rabbit Marlon Bundo will appear in a book about the BOTUS' life alongside the VP… https://t.co/fy9HYwEgGj,46,@CNN
247,0.0,0.0,1.0,0.0,09-15-2017 16:39:49,"Report: At White House dinner, Nancy Pelosi asked, 'Do the women get to talk around here?' https://t.co/nQS82KArrW https://t.co/heUF3w8Mpv",47,@CNN
248,0.0516,0.118,0.755,0.127,09-15-2017 13:43:03,"AG Sessions receives message of support from President Trump after new report of past turmoil, source says… https://t.co/nI3ZpacEdj",48,@CNN
249,0.0,0.0,1.0,0.0,09-15-2017 11:09:00,LIVE NOW: Latest updates on the London tube incident https://t.co/Zd1jLVXweD #ParsonsGreen https://t.co/QTVABqyM87,49,@CNN
250,0.0,0.0,1.0,0.0,09-15-2017 08:44:42,"Outside Parsons Green station, @NdosSantosCNN says she can see armed police arriving in response to London tube ""se… https://t.co/Uc6U2TaPFo",50,@CNN
251,-0.2263,0.119,0.881,0.0,09-15-2017 05:14:07,Conservative radio host Ben Shapiro spoke at UC Berkeley as protesters gathered outside https://t.co/QRukstY6gY https://t.co/iPNtD5g9x5,51,@CNN
252,0.1531,0.147,0.667,0.187,09-15-2017 00:40:20,Motel 6 says it will stop sharing guest lists with ICE https://t.co/zUFYJVRsTz https://t.co/jUiKufzGU9,52,@CNN
253,0.4215,0.0,0.811,0.189,09-14-2017 21:37:13,"""He likes us"": Hot mic catches Sen. Chuck Schumer talking Trump https://t.co/QfBKinbGCn https://t.co/jHOamARu3B",53,@CNN
254,0.0,0.0,1.0,0.0,09-14-2017 17:16:06,Russia is holding major military exercises in the western part of the country and Belarus https://t.co/GotCkNo1Z3 https://t.co/brh2wcXi3e,54,@CNN
255,-0.4404,0.139,0.861,0.0,09-14-2017 13:55:05,South Korean President rules out the need to deploy nuclear weapons in his country despite North Korea threat… https://t.co/gWVteFJHeD,55,@CNN
256,0.1027,0.0,0.928,0.072,09-14-2017 10:49:49,"US Treasury Secretary Steve Mnuchin asked to use a government jet for his honeymoon, but later withdrew the request… https://t.co/u2e9ioosGK",56,@CNN
257,-0.8555,0.457,0.543,0.0,09-14-2017 07:46:07,How a series of sexual abuse allegations doomed Seattle's Democratic mayor https://t.co/lRY68eMUq9 https://t.co/WtkicirGM8,57,@CNN
258,0.1027,0.119,0.743,0.139,09-14-2017 04:46:07,"Bill with provision that would make obtaining gun silencers easier advances, moving to the House floor… https://t.co/fGZ2LIG4Yy",58,@CNN
259,-0.0258,0.15,0.705,0.145,09-14-2017 01:56:48,"Anderson Cooper on Hillary Clinton's ""What Happened"": ""I was dreading reading this book ... I actually enjoyed it"" https://t.co/DPi0ZqpKqU",59,@CNN
260,-0.5594,0.204,0.796,0.0,09-14-2017 00:41:07,Hillary Clinton bluntly said she doesn't forgive those who now say they regret not voting in the 2016 election… https://t.co/kS7ir6yGco,60,@CNN
261,0.0,0.0,1.0,0.0,09-13-2017 22:49:15,"Martin Shkreli is headed to jail after he offered $5,000 to anyone who could grab a strand of Hillary Clinton's hai… https://t.co/hlFQjXGSMu",61,@CNN
262,0.0,0.0,1.0,0.0,09-13-2017 21:04:42,"Ted Cruz pitches tax reform: ""Let's simplify the tax code. Let's let everyone fill out their taxes on a postcard.""… https://t.co/4UxyAe00FL",62,@CNN
263,0.0,0.0,1.0,0.0,09-13-2017 19:06:12,Florida's airports won't be back to normal for several days https://t.co/LPWOIkbY1F https://t.co/BarvhhXNKz,63,@CNN
264,0.0,0.0,1.0,0.0,09-13-2017 15:04:28,Millions in Florida could be without electricity for weeks -- with temperatures in the 90s https://t.co/i0Jg9bKDkg https://t.co/cCGQCv2eHX,64,@CNN
265,0.0,0.0,1.0,0.0,09-13-2017 11:30:39,Samsung wants to release a folding smartphone in 2018 https://t.co/Ie5MricROx https://t.co/rGX1QDfXaz,65,@CNN
266,-0.0516,0.097,0.816,0.087,09-13-2017 09:15:08,"Aung San Suu Kyi, Myanmar's de facto leader, cancels trip to the UN amid growing Rohingya crisis… https://t.co/RpR7fGAMxY",66,@CNN
267,0.0,0.0,1.0,0.0,09-13-2017 05:22:06,"23andMe, the genetics testing startup, wants to develop drugs based on your DNA https://t.co/TPHnHxeHyJ https://t.co/1c2ZYHVJjW",67,@CNN
268,0.0,0.0,1.0,0.0,09-13-2017 03:01:04,"After Irma, it's time we moved our power grid underground, this @CNNOpinion contributor says https://t.co/mw8dtm84dz https://t.co/MzG5bukgjE",68,@CNN
269,0.0772,0.0,0.939,0.061,09-13-2017 00:27:37,RT @AC360: Widespread power outages are one of the biggest challenges as Florida communities are trying to recover and rebuild. https://t.c…,69,@CNN
270,0.5719,0.093,0.681,0.226,09-12-2017 21:54:12,"RT @cnnbrk: Pioneering activist Edith Windsor, who led the battle that won federal benefits for same-sex couples, dies at age 88 https://t.…",70,@CNN
271,0.0,0.0,1.0,0.0,09-12-2017 19:16:33,"Ten years after the launch of the first iPhone, Apple has revealed the iPhone X. The cost? $999… https://t.co/Smc6t29zpI",71,@CNN
272,-0.1027,0.069,0.931,0.0,09-12-2017 16:29:31,"Would you pay $1,000 for the next iPhone? @samuelcnn explores what upgrades and new features may be coming soon… https://t.co/vT5t7iCoKY",72,@CNN
273,-0.5859,0.202,0.798,0.0,09-12-2017 12:24:51,"Mexico will no longer send emergency aid offered to Texas after Harvey, in order to focus on its own disasters… https://t.co/UeirGXNVJL",73,@CNN
274,0.5423,0.0,0.8,0.2,09-12-2017 09:33:50,"UK Parliament votes in favor of key Brexit bill, an important milestone in legislative process for leaving the EU… https://t.co/cqhcg3kpC5",74,@CNN
275,-0.296,0.175,0.708,0.118,09-12-2017 06:27:03,"As #Irma is downgraded to a tropical depression, officials urge patience for evacuees eager to return home https://t.co/Pv3xbB4vf4",75,@CNN
276,0.0,0.0,1.0,0.0,09-12-2017 03:46:05,"Ivanka Trump had breakfast with Fed Chair Janet Yellen this summer, according to logs of Yellen's public schedule… https://t.co/8onNe8fN5a",76,@CNN
277,-0.1027,0.076,0.924,0.0,09-12-2017 00:55:40,".@BrianToddCNN reports from Bonita Springs, Florida, where low-lying areas and mobile homes were hit hard by Irma https://t.co/AvpzHEDDIK",77,@CNN
278,0.0516,0.118,0.753,0.129,09-11-2017 22:31:37,The UN Security Council unanimously adopted a US-drafted resolution to impose new sanctions on North Korea… https://t.co/VBI9k31Xtr,78,@CNN
279,0.0,0.0,1.0,0.0,09-11-2017 20:38:20,"Atlanta Hartsfield-Jackson Intl. Airport, world's busiest airport, hit with extended rain and high winds from Irma https://t.co/adNuf753t4",79,@CNN
280,0.0,0.0,1.0,0.0,09-11-2017 17:25:53,Florida races to refill gas stations after Hurricane Irma https://t.co/izgwoKZL5x,80,@CNN
281,0.4404,0.0,0.847,0.153,09-11-2017 13:31:31,"There is not a single plane in the sky over Florida, thanks to #Irma https://t.co/VbkqRUykUO (radar: @flightradar24) https://t.co/eNlC02AGqR",81,@CNN
282,-0.7506,0.299,0.701,0.0,09-11-2017 10:33:39,"Hurricane Irma has caused catastrophic damage in the Caribbean, including flooding these streets in Havana, Cuba… https://t.co/vf3K98pEmu",82,@CNN
283,0.2263,0.106,0.749,0.145,09-11-2017 07:02:25,"As #HurricaneIrma made its way up Florida's west coast, rescue workers watched helplessly as 911 calls piled up https://t.co/aoFyI6RsJM",83,@CNN
284,-0.34,0.168,0.737,0.095,09-11-2017 03:40:05,"Miami International Airport will be closed Monday after sustaining ""significant water damage throughout,"" CEO says… https://t.co/vsVq6uXwQd",84,@CNN
285,0.2023,0.0,0.904,0.096,09-11-2017 01:03:29,".@andersoncooper says there are ""sheets of rain"" skimming across the top of water in Tampa, Florida. #HurricaneIrma https://t.co/50Hdz3kNbG",85,@CNN
286,0.0,0.0,1.0,0.0,09-10-2017 22:29:34,"NOAA tide gauge in Naples, Florida, measures water levels up 7 feet in last 90 minutes https://t.co/DQXzNhivX2 #Irma https://t.co/XyJq9EysR0",86,@CNN
287,0.0,0.0,1.0,0.0,09-10-2017 19:53:29,.@JohnBerman to @ChrisCuomo: We have all of Florida between us and we are both getting hammered by #HurricaneIrma https://t.co/xSmFQxvHTD,87,@CNN
288,0.0,0.0,1.0,0.0,09-10-2017 17:00:19,"We're tracking Hurricane Irma's path:

Watch: https://t.co/UYpqI3w42L 

Updates: https://t.co/89vb5fuFSx

Radar:… https://t.co/ejfJ9ilGKw",88,@CNN
289,0.0,0.0,1.0,0.0,09-10-2017 13:42:11,"CNN's @BillWeirCNN on #HurricaneIrma conditions: ""If you own a power washer... imagine taking it in the face.""… https://t.co/aWhBNwNwYy",89,@CNN
290,0.0,0.0,1.0,0.0,09-10-2017 10:54:27,"Parts of Florida could see 15 feet of storm surge from Hurricane Irma, Follow live updates: https://t.co/YQtjNWoC2R https://t.co/XP1Ct54DbD",90,@CNN
291,0.0,0.0,1.0,0.0,09-10-2017 05:15:06,The eye. The wall. The outer bands. This is the anatomy of a hurricane https://t.co/7A7n9fYV6g https://t.co/1HRXKa0scj,91,@CNN
292,0.0,0.0,1.0,0.0,09-10-2017 01:32:05,RT @JMOCNN: Rolling around Marco Island #florida as #irma barrels towards us.  @edlavaCNN will be on #cnn shortly from our rolling coverage…,92,@CNN
293,0.0,0.0,1.0,0.0,09-09-2017 21:52:52,Key West bar owner: “I have a ringside seat” to Hurricane Irma https://t.co/YbDyN24AiL https://t.co/K2WTgXz4Xp,93,@CNN
294,0.0,0.0,1.0,0.0,09-09-2017 18:11:42,"""This is what a last minute decision looks like,"" says @DrewGriffinCNN as line forms outside of FL evacuation centre https://t.co/WoriSUGiIM",94,@CNN
295,0.0,0.0,1.0,0.0,09-09-2017 15:35:57,"RT @CNN_Oppmann: Irma has submerged the town of Caibarien, Cuba under several feet of water. https://t.co/qz4QwNdYak",95,@CNN
296,-0.1027,0.135,0.865,0.0,09-09-2017 10:32:57,"Would you pay $1,000 for the next iPhone?  https://t.co/B4UTgEzKVm https://t.co/H6Dnr59SS9",96,@CNN
297,-0.296,0.104,0.896,0.0,09-09-2017 04:30:20,"No storm on record, anywhere on the globe, has maintained winds 185mph or above for as long as #Irma… https://t.co/nOrspFiQGt",97,@CNN
298,-0.6124,0.174,0.826,0.0,09-09-2017 01:46:09,"The tiny Caribbean island of Barbuda was devastated by Hurricane Irma. Now, it’s bracing for another storm -- Jose… https://t.co/gvDeq2IDYj",98,@CNN
299,0.296,0.07,0.8,0.13,09-09-2017 00:13:09,"Florida Gov. Rick Scott warns that Hurricane #Irma is ""bigger, faster and stronger"" than Hurricane Andrew was… https://t.co/j3Kc3AOVAJ",99,@CNN
300,-0.2144,0.117,0.883,0.0,09-21-2017 15:03:23,"That moment when you think you're in trouble, but then the unexpected happens. https://t.co/08JVsbT4nu https://t.co/GTFjN6zaOt",0,@FoxNews
301,0.0,0.0,1.0,0.0,09-21-2017 12:31:59,"Samantha Power sought to unmask Americans on almost daily basis, sources say https://t.co/FXOSFTFnFX",1,@FoxNews
302,-0.5267,0.145,0.855,0.0,09-21-2017 11:36:19,".@GovMikeHuckabee: ""We need to think about [Puerto Rico] because they're in a world of hurt and are going to be for… https://t.co/KEsBX7dtzA",2,@FoxNews
303,-0.34,0.179,0.821,0.0,09-21-2017 08:45:00,"Florida teacher was found with 2 drunk teens in car, police say https://t.co/CPSy9OvnoU",3,@FoxNews
304,0.0,0.0,1.0,0.0,09-21-2017 04:29:05,"On Twitter yesterday, President @realDonaldTrump assailed @billclinton and @HillaryClinton for their record on Nort… https://t.co/ZMOkGDmM8W",4,@FoxNews
305,0.0,0.0,1.0,0.0,09-21-2017 00:22:52,.@benshapiro: Keith Ellison 'The Last Person Who Should Be Making Holocaust References' https://t.co/6x3TU8fSaO,5,@FoxNews
306,0.0,0.0,1.0,0.0,09-20-2017 21:47:23,"Samantha Power sought to unmask Americans on almost daily basis, sources say https://t.co/FXOSFTFnFX",6,@FoxNews
307,0.4466,0.0,0.773,0.227,09-20-2017 20:36:30,NEWS ALERT: @POTUS holding bilateral meeting with Egyptian President El-Sisi. https://t.co/wwxE74QRfa,7,@FoxNews
308,0.0,0.0,1.0,0.0,09-20-2017 18:10:07,".@newtgingrich: @POTUS's @UN address reasserts patriotism and sovereignty 
https://t.co/PNrCWZVJt1",8,@FoxNews
309,0.3182,0.0,0.839,0.161,09-20-2017 17:22:54,.@PressSec on Kim Jong Un's 'Rocket Man' Nickname: 'A President Trump Original' https://t.co/rOqDJ42kmf,9,@FoxNews
310,-0.5267,0.175,0.825,0.0,09-20-2017 15:44:01,"BREAKING NEWS: Jake LaMotta, boxer immortalized by Robert De Niro in 'Raging Bull,' dies at 95
https://t.co/i5fpsLdZQX",10,@FoxNews
311,0.0,0.0,1.0,0.0,09-20-2017 14:29:05,".@BillCassidy: ""If somebody votes against our bill they're voting for ObamaCare."" https://t.co/gI8MSfWKlR",11,@FoxNews
312,0.4939,0.0,0.833,0.167,09-20-2017 12:57:49,.@LindseyGrahamSC on health care: This is a choice between socialism and federalism... @POTUS has done everything i… https://t.co/8RnuMlAoGe,12,@FoxNews
313,0.5267,0.0,0.793,0.207,09-20-2017 10:36:34,WATCH: @kilmeade &amp; @SecretaryZinke Get an Inside Look at the Statue of Liberty https://t.co/pbrbEhq2Pj,13,@FoxNews
314,0.0,0.0,1.0,0.0,09-20-2017 07:00:02,"Ahead of Hurricane Maria, NASCAR-employed airline evacuates US Virgin Islands https://t.co/EOsIrMPlbD",14,@FoxNews
315,0.3818,0.0,0.843,0.157,09-20-2017 02:45:48,".@GovMikeHuckabee: ""[President #Trump's] speech today was bold, and it was a mark of clarity."" #Hannity https://t.co/ymLAONJm6e",15,@FoxNews
316,0.0,0.0,1.0,0.0,09-19-2017 23:43:52,.@SenatorLankford previews public intel committee meeting with #Trump lawyer set for October. #TheStory https://t.co/RWXvqTcYTb,16,@FoxNews
317,-0.34,0.211,0.789,0.0,09-19-2017 19:08:59,"Can the US military shoot down a North Korean missile?
 https://t.co/0pFn2rlFjQ",17,@FoxNews
318,-0.3818,0.167,0.833,0.0,09-19-2017 14:49:07,".@POTUS: ""We will fight together, sacrifice together and stand together for peace."" https://t.co/OxMHPGv50R https://t.co/4bPtMqEswe",18,@FoxNews
319,0.8519,0.0,0.583,0.417,09-19-2017 14:11:11,".@POTUS: ""Our success depends on a coalition of strong and independent nations that embrace their sovereignty.""… https://t.co/nXeyLqYhpH",19,@FoxNews
320,0.0,0.0,1.0,0.0,09-19-2017 12:01:19,.@Judgenap Reacts to Report @PaulManafort Was Wiretapped Before &amp; After Election https://t.co/PeP460kryy,20,@FoxNews
321,0.0,0.0,1.0,0.0,09-19-2017 09:27:43,Toys 'R' Us files for bankruptcy protection (Via @FoxBusiness) https://t.co/fjYrkm63hu https://t.co/5b7d9brcOh,21,@FoxNews
322,-0.34,0.231,0.769,0.0,09-19-2017 03:30:01,Emmys ratings crater; Trump-bashing to blame? https://t.co/ZvVV0l8Y8w via @briansflood,22,@FoxNews
323,0.0,0.0,1.0,0.0,09-19-2017 00:06:42,"BREAKING NEWS: Hurricane Maria was upgraded to a Category 5 storm on Monday, according to the National Hurricane Ce… https://t.co/5lJ2KeUigM",23,@FoxNews
324,-0.34,0.286,0.714,0.0,09-18-2017 19:46:31,"Emmys ratings crater; #Trump-bashing to blame?
https://t.co/7tcDhhkaZm",24,@FoxNews
325,-0.0772,0.223,0.568,0.21,09-18-2017 14:11:10,".@realDonaldTrump: ""We must ensure that no one... shoulders a disproportionate share of the burden and that's milit… https://t.co/oec1LEHhWa",25,@FoxNews
326,0.0,0.0,1.0,0.0,09-18-2017 11:01:12,"On this day in 1793, George Washington laid the cornerstone to the US Capitol building. The building would take nea… https://t.co/RvZep3jDZa",26,@FoxNews
327,0.4404,0.0,0.805,0.195,09-18-2017 04:30:00,"McMaster: Trump better without Bannon, others who pushed their ‘own narrow agendas’ https://t.co/JoLvcZ8HYI",27,@FoxNews
328,0.0,0.0,1.0,0.0,09-18-2017 00:55:27,Oklahoma Police Officers Shot While Serving a Search Warrant https://t.co/jaxyToAcfx,28,@FoxNews
329,0.4588,0.0,0.667,0.333,09-17-2017 21:41:46,Tropical Storm Maria strengthens into hurricane https://t.co/54Tg3WaTnl,29,@FoxNews
330,-0.2263,0.112,0.888,0.0,09-17-2017 19:05:42,NYC hospital hit with $2.5M lawsuit after allegedly faxing man's HIV diagnosis to his workplace https://t.co/Ix4YU1pSc0,30,@FoxNews
331,0.0,0.0,1.0,0.0,09-17-2017 15:15:49,"Tonight 8p ET: Watch a revealing interview w/ Judge Judy on the premiere of ""OBJECTified,"" hosted by… https://t.co/1po6tRKwIV",31,@FoxNews
332,0.4939,0.0,0.862,0.138,09-17-2017 13:34:45,RT @FoxNewsSunday: .@SenatorDurbin on #DACA debate: We’re going forward w/ understanding we can work w/ WH on agreement that includes DACA…,32,@FoxNews
333,0.1779,0.0,0.841,0.159,09-17-2017 12:11:00,"Trump, South Korean leader talk tougher North Korea sanctions https://t.co/p8c1xDMVsG",33,@FoxNews
334,-0.7351,0.383,0.617,0.0,09-17-2017 09:35:09,'Hell on wheels': Five disabled New Yorkers file hundreds of lawsuits https://t.co/D0y22JLryB,34,@FoxNews
335,-0.6908,0.305,0.695,0.0,09-17-2017 06:45:05,"On ""The Cost of Freedom,"" Ben Stein assailed celebrities accusing @POTUS of being a racist. https://t.co/uIIwrNEZHe",35,@FoxNews
336,0.0,0.0,1.0,0.0,09-17-2017 03:33:03,".@dbongino to @VulgarEconomics: ""I dare you to look into the eyes of those kids who will never, ever see their pare… https://t.co/lmqS2D1kjd",36,@FoxNews
337,-0.296,0.121,0.879,0.0,09-17-2017 01:54:59,".@RonDeSantisFL on North Korea: ""No other president recently has wanted to even deal with this problem.""… https://t.co/MoblhI0p7Q",37,@FoxNews
338,0.0,0.0,1.0,0.0,09-17-2017 00:24:06,"Sunday 8p ET: Watch a revealing interview w/ Judge Judy on the premiere of ""OBJECTified,"" hosted by @HarveyLevinTMZ… https://t.co/jMXymHDnra",38,@FoxNews
339,-0.5267,0.236,0.764,0.0,09-16-2017 21:46:48,Judicial Watch: We Need Criminal Investigation of Pay-to-Play at Clinton Foundation https://t.co/88RQiKok0y,39,@FoxNews
340,0.0,0.0,1.0,0.0,09-16-2017 21:14:32,'View' hosts cause a stir for suggesting women are told by husbands how to vote  https://t.co/3XOYLLdp9z,40,@FoxNews
341,-0.4391,0.132,0.868,0.0,09-16-2017 20:51:46,".@LawrenceBJones3: ""The American people are gonna be very upset if they don't get the agenda done [such as] health… https://t.co/qq0A6VfA5i",41,@FoxNews
342,-0.802,0.31,0.69,0.0,09-16-2017 20:30:20,"James Lankford on travel ban: ""It's not a total ban on everyone coming in, it's very targeted."" @ANHQDC https://t.co/snhheehvwF",42,@FoxNews
343,-0.2263,0.16,0.84,0.0,09-16-2017 19:04:21,"WATCH: St. Louis Protesters Jump on Police Car, Smash Windshield https://t.co/RY4HlpzyGC",43,@FoxNews
344,0.0,0.0,1.0,0.0,09-16-2017 17:28:56,".@dbongino to @VulgarEconomics: ""I dare you to look into the eyes of those kids who will never, ever see their pare… https://t.co/895bLDFqLp",44,@FoxNews
345,0.0,0.0,1.0,0.0,09-16-2017 15:55:06,".@AlanDersh: ""We have got to get away from this racial identity politics, move us all towards the center.""… https://t.co/jvyEerkBFF",45,@FoxNews
346,0.0,0.0,1.0,0.0,09-16-2017 14:00:44,U.S. markets this week. https://t.co/0FoCEW4eBE,46,@FoxNews
347,0.0,0.0,1.0,0.0,09-16-2017 12:00:06,.@GovMikeHuckabee's two cents on a young lawnmower named Frank. https://t.co/wK4vvXsqE1 https://t.co/zgKOihw6bH,47,@FoxNews
348,-0.4767,0.256,0.744,0.0,09-16-2017 08:14:07,"Frustration mounts for Floridians still lacking power after Irma
https://t.co/6rg8KqUgAM",48,@FoxNews
349,-0.6808,0.375,0.511,0.114,09-16-2017 02:17:05,Protests erupt in St. Louis after ex-cop acquitted of murder https://t.co/IReW6NfdYq https://t.co/VYoRhNDKTk,49,@FoxNews
350,0.0,0.0,1.0,0.0,09-15-2017 23:31:16,".@SteveKingIA on @POTUS' DACA deal: ""His heart kind of overruled his campaign promises."" #TheStory… https://t.co/3iecES5NTG",50,@FoxNews
351,0.0,0.0,1.0,0.0,09-15-2017 20:58:39,.@RepMaxineWaters to 'humiliated' @jeffsessions: Now you know how African-Americans feel  https://t.co/VD5ZCVTWJO,51,@FoxNews
352,0.0,0.0,1.0,0.0,09-15-2017 20:02:07,".@FLOTUS to members of the military following hurricanes: ""You have made every American proud."" https://t.co/5GKVXO6quO",52,@FoxNews
353,-0.5719,0.239,0.761,0.0,09-15-2017 19:00:16,"Katie Quackenbush, 26, accused of shooting homeless man who argued about her Porsche, was aspiring singer https://t.co/gluQIWWFHa",53,@FoxNews
354,0.6249,0.0,0.687,0.313,09-15-2017 17:10:22,11-year-old Frank does a 'great job' mowing @WhiteHouse lawn https://t.co/vZtwXvpop5 https://t.co/kPP4kHaqAp,54,@FoxNews
355,-0.7003,0.27,0.73,0.0,09-15-2017 15:28:13,"On Twitter, @IvankaTrump highlighted the @StateDept's work against human trafficking and modern slavery. https://t.co/JLTfxl8lhX",55,@FoxNews
356,-0.4939,0.242,0.758,0.0,09-15-2017 14:07:11,"Police: #London Subway Bomb Did Not Fully Detonate; Manhunt Underway
https://t.co/YiS3klsrlJ",56,@FoxNews
357,0.0,0.0,1.0,0.0,09-15-2017 12:46:14,Massive manhunt underway for #London bomber. https://t.co/5h7C6Tiunk https://t.co/V5jpXOWXou,57,@FoxNews
358,0.0,0.0,1.0,0.0,09-15-2017 11:30:23,.@Harvard revokes @xychelsea fellowship. https://t.co/jLapQMqi8s https://t.co/ixJLJRlzx8,58,@FoxNews
359,0.0,0.0,1.0,0.0,09-15-2017 07:59:02,BREAKING: British police on scene of incident at London subway station after reports of explosion,59,@FoxNews
360,-0.1531,0.086,0.914,0.0,09-15-2017 02:59:15,.@SheriffClarke: “Until @SenateMajLdr and @SpeakerRyan get their act together… @POTUS has no other option but to de… https://t.co/XN2DNJudoS,60,@FoxNews
361,0.0,0.0,1.0,0.0,09-15-2017 01:30:01,Krikorian: '@SenSchumer Been Making Deals With GOP and Knifing Them in the Back' Afterward for 30 Years https://t.co/3FfcOEPAuX,61,@FoxNews
362,-0.296,0.128,0.872,0.0,09-14-2017 23:14:07,"@POTUS: 'No deal' yet with @NancyPelosi and @SenSchumer on DACA, wall will be built #TheStory… https://t.co/lr3s5ukCdc",62,@FoxNews
363,0.0,0.0,1.0,0.0,09-14-2017 20:17:44,"RT @FoxNewsResearch: $DJIA ?
•38th record close of 2017
•Up for 5 consecutive trading days
•YTD: +12.3%
•Up 21.9% from a year ago https://t…",63,@FoxNews
364,0.0,0.0,1.0,0.0,09-14-2017 19:21:12,.@SheriffClarke on @espn Controversy: The Term 'Racism' Is Used So Much It's Becoming Meaningless… https://t.co/LV6UG5so5Z,64,@FoxNews
365,-0.6249,0.24,0.76,0.0,09-14-2017 17:47:08,"Fans drape 'Racism is as American as baseball' banner over Green Monster
 https://t.co/xWMXKbsxFQ https://t.co/3mOhaq0oJx",65,@FoxNews
366,-0.0772,0.091,0.909,0.0,09-14-2017 16:14:02,"'Pay-to-play' at Clinton State Department exposed in new emails, watchdog says - via @brookefoxnews
https://t.co/lZ34G9Vrxl",66,@FoxNews
367,0.0,0.0,1.0,0.0,09-14-2017 14:53:56,".@POTUS: ""If I don't get the wall, then we will become the obstructionists."" https://t.co/tRo6Kfi1Z3",67,@FoxNews
368,0.4019,0.0,0.863,0.137,09-14-2017 13:40:53,".@LindseyGrahamSC: ""Did the Ukraine actually help the Clinton campaign?... Was the Ukraine involved in trying to hu… https://t.co/4gCT9kzYDA",68,@FoxNews
369,0.4466,0.0,0.754,0.246,09-14-2017 12:29:07,NEWS ALERT: @FLOTUS and @VP visiting Florida with @POTUS. https://t.co/ko06nsoXsN,69,@FoxNews
370,0.0,0.0,1.0,0.0,09-14-2017 11:18:48,".@DineshDSouza: ""The whole idea of letting non-citizens' vote shape the governmental process - that falls outside t… https://t.co/0S0LuPp0OI",70,@FoxNews
371,-0.6249,0.227,0.773,0.0,09-14-2017 07:30:00,Fans drape 'Racism is as American as baseball' banner over Green Monster https://t.co/xWMXKbaWhg via @SChamberlainFOX,71,@FoxNews
372,0.0,0.0,1.0,0.0,09-14-2017 02:46:03,"Dr. Gina Loudon: ""What ESPN doesn't realize is the @realDonaldTrump voter is their audience."" #Hannity… https://t.co/1oM6RffjZ1",72,@FoxNews
373,-0.4215,0.31,0.509,0.181,09-14-2017 00:35:09,A beautiful marriage proposal goes terribly wrong when the groom drops the ring.  https://t.co/FLGG7JTVaV https://t.co/SjSwSKuxRo,73,@FoxNews
374,0.0951,0.0,0.925,0.075,09-13-2017 22:24:06,".@stevenmnuchin1: ""This isn't just about cutting taxes, this about tax reform. This is about changing the system."" https://t.co/ovOpmBy0n5",74,@FoxNews
375,-0.357,0.216,0.784,0.0,09-13-2017 21:22:42,".@AP: @SpeakerRyan says deporting ""DREAMers"" not in America's interest. https://t.co/7ubO4tYE74",75,@FoxNews
376,-0.8834,0.563,0.437,0.0,09-13-2017 20:26:02,.@HillaryClinton laments how #Benghazi tragedy hurt her politically - via @brookefoxnews https://t.co/zY9e1T7Nnm,76,@FoxNews
377,0.25,0.09,0.779,0.131,09-13-2017 18:35:55,".@SHSanders45: ""@POTUS's focus has never been on the wealthiest of Americans. It's been on tax cuts to the middle c… https://t.co/mqpezemazm",77,@FoxNews
378,0.0,0.0,1.0,0.0,09-13-2017 16:55:47,".@trish_regan: ""You need more diversity, I guess, of opinion"" in schools. #Outnumbered https://t.co/P0m2iKLl1I",78,@FoxNews
379,-0.743,0.288,0.655,0.057,09-13-2017 15:04:01,"5 dead, over 100 evacuated from Florida nursing home due to intense heat, loss of power after Irma… https://t.co/jOIIWEflGA",79,@FoxNews
380,0.4215,0.105,0.7,0.195,09-13-2017 13:18:00,".@Sen_JoeManchin: ""@POTUS said this is not going to be a tax cut for the super wealthy."" https://t.co/PCXC0MQz8n",80,@FoxNews
381,0.0,0.0,1.0,0.0,09-13-2017 10:52:08,".@T_S_P_O_O_K_Y on @POTUS: ""I think he’s recognizing that we’re going to have to influence the influencers.”… https://t.co/7oaldDYCAn",81,@FoxNews
382,0.128,0.224,0.531,0.245,09-13-2017 05:30:00,Bias Alert: MSNBC's Joy Reid says Trump makes now 'worst time to be a human' https://t.co/7KR09HL1Ia via @briansflood,82,@FoxNews
383,-0.5267,0.206,0.794,0.0,09-13-2017 00:12:39,"Deroy Murdock: ""The Democrats don't have any ideas...They don't have an agenda, there's no program, there's no visi… https://t.co/AOG7DfBGY2",83,@FoxNews
384,-0.875,0.429,0.571,0.0,09-12-2017 21:08:44,"Holly Bobo murder trial: Officials describe finding 'suspicious' mattress, scratches on alleged killer https://t.co/3PrscH4gMr",84,@FoxNews
385,0.4019,0.0,0.828,0.172,09-12-2017 18:35:27,"Dartmouth-Hitchcock Medical Center on lockdown after 'active shooter' report, New Hampshire hospital says… https://t.co/1PrdojZITa",85,@FoxNews
386,0.0,0.0,1.0,0.0,09-12-2017 16:07:54,LIVE BLOG: Apple iPhone 8 launch event https://t.co/VGxkX86SwS,86,@FoxNews
387,0.0,0.0,1.0,0.0,09-12-2017 12:56:18,Hurricane Jose's path: What you should know https://t.co/49nDLDCGkx,87,@FoxNews
388,0.0,0.0,1.0,0.0,09-12-2017 08:23:33,MORNING BRIEF: Carrier headed to the Florida Keys after Hurricane Irma https://t.co/MerQFeSWj2,88,@FoxNews
389,-0.7783,0.459,0.541,0.0,09-12-2017 03:54:19,"ISIS still stealing, spilling and smuggling oil throughout Iraq https://t.co/DuPo7z8hU3",89,@FoxNews
390,-0.2382,0.085,0.915,0.0,09-12-2017 00:59:38,"Harmeet Dhillon: All this mass hysteria at Berkeley is really being whipped up both by the Antifa, but also being e… https://t.co/d1BuOpQI0e",90,@FoxNews
391,-0.5719,0.316,0.684,0.0,09-11-2017 20:37:25,#HurricaneIrma's trail of destruction in Florida Keys revealed https://t.co/EQqwqUbUqQ,91,@FoxNews
392,0.0,0.0,1.0,0.0,09-11-2017 18:50:47,".@PressSec holds a briefing as Tropical Storm #Irma continued churning up Florida’s west coast, on course to hit Al… https://t.co/5fEF4ZQ6Q7",92,@FoxNews
393,0.8519,0.0,0.646,0.354,09-11-2017 14:54:26,".@VP on the heroes of Flight 93: “Without regard to their personal safety, they rushed forward to save lives.” https://t.co/hCnhAdLZtY",93,@FoxNews
394,0.0,0.0,1.0,0.0,09-11-2017 12:12:04,American Flag Unfurled at Pentagon to Commemorate 9/11 Anniversary https://t.co/VvHzXClGJy,94,@FoxNews
395,0.0,0.0,1.0,0.0,09-11-2017 06:26:32,US commemorates 9/11; thousands expected at ground zero (Via: @FoxBusiness) https://t.co/94JN4qnHBU,95,@FoxNews
396,0.4588,0.0,0.769,0.231,09-11-2017 02:47:15,.@JJWatt gets hero's welcome at Houston Texans' season opener https://t.co/k73LCTbuk3 https://t.co/oFSHzzJ7gY,96,@FoxNews
397,0.4588,0.0,0.769,0.231,09-11-2017 00:35:53,.@JJWatt gets hero's welcome at Houston Texans' season opener https://t.co/k73LCTbuk3 https://t.co/zZpPqIoJk4,97,@FoxNews
398,-0.4939,0.286,0.714,0.0,09-10-2017 23:06:35,Surveying #HurricaneIrma's damage in Miami; @BryanLlenas reports. https://t.co/0rJuCh8FuG https://t.co/4f13UZpO33,98,@FoxNews
399,0.0,0.0,1.0,0.0,09-10-2017 22:06:03,#HurricaneIrma hits #Miami. https://t.co/0rJuCh8FuG https://t.co/MPYwrYkSpX,99,@FoxNews
400,0.0,0.0,1.0,0.0,09-21-2017 15:00:39,"Thumbs down doesn't even begin to describe the comments we received about ""Mother!"" https://t.co/Gpadj44TNF",0,@nytimes
401,0.6369,0.0,0.785,0.215,09-21-2017 11:21:03,Republicans have presented another plan to repeal the Affordable Care Act. This might be their last chance to do it. https://t.co/hDN9IxXv6K,1,@nytimes
402,-0.7506,0.274,0.726,0.0,09-21-2017 06:59:05,"“To see a parent carry their own dead baby is something I will never forget,” said a rescuer at a collapsed school https://t.co/NFDFBnOS8K",2,@nytimes
403,0.4329,0.137,0.684,0.179,09-21-2017 02:37:04,"2 strong earthquakes have shaken Mexico this month. Why Mexico? And where might a big one strike next?
https://t.co/2EYyU3xfIp",3,@nytimes
404,0.4767,0.0,0.819,0.181,09-20-2017 22:17:02,Puerto Rico's governor announced a 6 p.m. to 6 a.m. curfew effective Wednesday until Saturday. Latest updates: https://t.co/HQVlipItcM,4,@nytimes
405,0.4019,0.107,0.667,0.227,09-20-2017 18:59:47,The Russia inquiry’s special counsel is looking into Trump firing his national security adviser and FBI director https://t.co/yvEox3cbsY,5,@nytimes
406,-0.2023,0.18,0.68,0.141,09-20-2017 16:16:42,"After brawling his way to a middleweight boxing championship, LaMotta became a pop culture symbol of anger https://t.co/vWR806QYFe",6,@nytimes
407,-0.7003,0.392,0.608,0.0,09-20-2017 13:55:01,Jimmy Kimmel accuses Bill Cassidy of lying. Our late-night roundup: https://t.co/mV57JCOWQV,7,@nytimes
408,0.4215,0.0,0.682,0.318,09-20-2017 10:50:07,America First at the United Nations https://t.co/BYpdJFsWM5,8,@nytimes
409,0.6159,0.113,0.626,0.261,09-20-2017 06:20:07,Alec Baldwin won an Emmy for his impersonation of Trump. But the Emmys did not win the president's affection. https://t.co/SVfwjqVwKt,9,@nytimes
410,-0.1531,0.096,0.904,0.0,09-20-2017 01:47:05,RT @NYTStyles: Colored eyeliner isn’t as tricky as it sounds — wear it liberally. Here’s how. https://t.co/vQEURtLY1p,10,@nytimes
411,-0.5106,0.171,0.829,0.0,09-19-2017 21:48:00,Read the study rejected by the Trump administration that shows the revenue brought in by refugees https://t.co/2Ye1rXzAMm,11,@nytimes
412,-0.296,0.099,0.901,0.0,09-19-2017 17:01:05,RT @nytopinion: .@AmberTamblyn discussed her Op-Ed on the way we disbelieve women and how to change it — watch on Facebook: https://t.co/UY…,12,@nytimes
413,-0.6808,0.187,0.813,0.0,09-19-2017 13:30:10,Scottie Nell Hughes claims Fox News blacklisted her after she told the network she had been raped by Charles Payne https://t.co/S8qsBOxA0x,13,@nytimes
414,0.0,0.0,1.0,0.0,09-19-2017 09:48:39,"Breaking News: Hurricane Maria has begun to batter the Caribbean
https://t.co/6OjJWz3Qg4",14,@nytimes
415,-0.5859,0.242,0.758,0.0,09-19-2017 05:20:08,"In a much-anticipated speech, Myanmar's leader refused to condemn the military for the massacre of Rohingya Muslims https://t.co/mWMO9ct2NI",15,@nytimes
416,0.0,0.0,1.0,0.0,09-19-2017 01:27:05,Evening Briefing: Here's what you need to know at the end of the day https://t.co/TvWO3sAlH7,16,@nytimes
417,-0.7506,0.33,0.67,0.0,09-18-2017 22:02:03,Myanmar’s Rohingya crisis shows what happens when a nation’s boundaries and its national identity contradict https://t.co/O3ehX1Ht0x,17,@nytimes
418,-0.3612,0.116,0.884,0.0,09-18-2017 18:40:06,"Sean Spicer said he now regrets one of his most infamous moments as press secretary: “Of course I do, absolutely.” https://t.co/mMNGwCM7eA",18,@nytimes
419,0.6124,0.0,0.762,0.238,09-18-2017 15:50:05,A top adviser said the Trump administration was “unambiguous” about its plans to withdraw from the Paris agreement https://t.co/hejzifoOu2,19,@nytimes
420,0.0258,0.2,0.593,0.207,09-18-2017 12:24:03,"The United Nations explained: Its purpose, power and problems https://t.co/83aFIF9wtI",20,@nytimes
421,0.0,0.0,1.0,0.0,09-18-2017 08:15:05,Opinion: What punk rock meant to Communist Yugoslavia https://t.co/ZfwthHMoYg,21,@nytimes
422,-0.6486,0.212,0.788,0.0,09-18-2017 03:30:55,"Carlos Muñoz Portal, a location scout for the Netflix series “Narcos,” was found shot dead in Mexico https://t.co/UkmgHCYoPD",22,@nytimes
423,0.5719,0.0,0.821,0.179,09-18-2017 01:48:14,"Reed Morano, who just won an Emmy for directing ""The Handmaid's Tale,"" on directing ""The Handmaid's Tale"" https://t.co/d0fna5sufF",23,@nytimes
424,0.4588,0.0,0.842,0.158,09-17-2017 23:35:43,"See what the stars are wearing at tonight's Emmy Awards, and follow @NYTFashion for the latest… https://t.co/xL081t82cF",24,@nytimes
425,-0.4588,0.136,0.864,0.0,09-17-2017 19:45:04,"The mayor of Port Arthur, Tex., has set aside his troubles to look after his city’s much larger ones https://t.co/ufDT6SqBix",25,@nytimes
426,0.128,0.078,0.823,0.099,09-17-2017 15:30:21,"At the start of the week, the moon will play peek-a-boo as it momentarily blocks Venus, then Mars and then Mercury https://t.co/kmMVOwM9wW",26,@nytimes
427,0.0,0.0,1.0,0.0,09-17-2017 10:55:03,The airport is designed to handle a million passengers per year. It currently receives about a dozen per day. https://t.co/5JoeFwmLwi,27,@nytimes
428,0.1779,0.0,0.892,0.108,09-17-2017 05:16:17,We ran the numbers. Here's where we think Amazon should put its second headquarters. https://t.co/OJubGHtTOA,28,@nytimes
429,0.0,0.0,1.0,0.0,09-16-2017 23:54:36,Trump Administration Moves to Open Arctic Refuge to Drilling Studies https://t.co/GUwzxtUnY2,29,@nytimes
430,-0.6597,0.206,0.794,0.0,09-16-2017 20:22:00,"""The diet is killing us"": How massive economic forces are transforming diet and health in developing countries https://t.co/vcNbyp49Sc",30,@nytimes
431,-0.4572,0.158,0.842,0.0,09-16-2017 17:12:04,"""Bipartisanship can be disorienting. That’s why Washington has seemed so perplexed over the past 10 days."" https://t.co/7tZcJSnqkJ",31,@nytimes
432,0.0,0.0,1.0,0.0,09-16-2017 14:02:07,"A global obesity epidemic, captured in the daily work of a door-to-door saleswoman for Nestle in Brazil https://t.co/3jPEc4coqC",32,@nytimes
433,0.5661,0.0,0.814,0.186,09-16-2017 09:25:13,"Light shows? Check.
Models? Check.
Royalty? Check.
Dancers? Check.
Time for the Formula One after party.
https://t.co/vnLrsGrivC",33,@nytimes
434,0.0,0.0,1.0,0.0,09-16-2017 04:02:08,Here's what we know about the link between extreme weather and climate change https://t.co/xeDhPraff8,34,@nytimes
435,0.4588,0.0,0.812,0.188,09-15-2017 23:02:06,Fall TV is finally here. So when do your favorite shows come back? https://t.co/f06f49RVoO,35,@nytimes
436,-0.9371,0.474,0.526,0.0,09-15-2017 18:31:08,"RT @nytgraphics: Britain was hit by a terrorist attack today, when a crude device exploded on a train. Recent attacks in London: https://t.…",36,@nytimes
437,0.0,0.0,1.0,0.0,09-15-2017 14:31:06,RT @benshpigel: Josh McCown took an unplanned break from the NFL. So what did he do? He coached - and he's never been the same: https://t.c…,37,@nytimes
438,-0.7003,0.234,0.766,0.0,09-15-2017 10:47:33,""" I heard a big boom and felt this heat on my face"": An attack at Parsons Green station in London injured several https://t.co/FtfsO2TgR4",38,@nytimes
439,-0.7845,0.347,0.653,0.0,09-15-2017 06:25:04,A political crisis in Guatemala gathers new intensity after politicians vote to weaken anticorruption measures https://t.co/hndB34wBUJ,39,@nytimes
440,0.3612,0.0,0.889,0.111,09-15-2017 02:12:05,It's almost time to say goodbye to Cassini. We recommend looking at this on the biggest screen you can find: https://t.co/bxOrF5HpkI,40,@nytimes
441,0.4215,0.0,0.84,0.16,09-14-2017 22:19:05,RT @nytimesbusiness: Equifax finally answered some of the breach and credit freeze questions @ronlieber had sent it on behalf of readers ht…,41,@nytimes
442,0.0,0.0,1.0,0.0,09-14-2017 19:00:14,"Scientists told one group to spend the money on themselves, and another to give it away. These were the results. https://t.co/Yw67lhlorh",42,@nytimes
443,-0.3182,0.119,0.881,0.0,09-14-2017 16:00:20,President Trump is moving ahead with a White House event that several rabbinical groups have vowed to boycott https://t.co/l2R5dq0DyA,43,@nytimes
444,0.0,0.0,1.0,0.0,09-14-2017 12:45:05,Extreme weather events have fueled the debate on climate change in the U.S. https://t.co/jf9bxiEKbQ https://t.co/Dc3Wbgwjk0,44,@nytimes
445,-0.7003,0.327,0.673,0.0,09-14-2017 08:00:08,"RT @MaggieAstor: An amphibious vehicle caught fire Wednesday, the third serious accident this summer involving Marines
https://t.co/CjJDGK1…",45,@nytimes
446,0.0,0.0,1.0,0.0,09-14-2017 03:49:04,"An 8-year-old boy was pushed by teenagers off a picnic table with a rope around his neck, his family said https://t.co/QRvskYrAMu",46,@nytimes
447,0.0,0.0,1.0,0.0,09-13-2017 23:51:04,The economic case for letting teenagers sleep in a little later https://t.co/Xnuqiyfe2B,47,@nytimes
448,0.0,0.0,1.0,0.0,09-13-2017 20:17:03,A Russian tech company's antivirus software has been ordered to be removed from U.S. government computers https://t.co/42k4wCSI2A,48,@nytimes
449,-0.2954,0.244,0.588,0.168,09-13-2017 17:48:06,"RT @NYTSports: Was Russia so successful in destroying doping evidence, or have WADA officials taken a soft approach to punishment? https://…",49,@nytimes
450,-0.765,0.337,0.663,0.0,09-13-2017 14:47:11,Five people are dead after a Florida nursing home lost air conditioning following Hurricane Irma https://t.co/f5dR93xRzB,50,@nytimes
451,0.4215,0.0,0.865,0.135,09-13-2017 12:20:07,"After Ted Cruz’s Twitter account liked a porn video, you knew he was going to be Tuesday's late-night star https://t.co/TqIpXXVxzV",51,@nytimes
452,0.0,0.0,1.0,0.0,09-13-2017 08:31:06,The Malaysian leader was spotted entering and exiting the Trump International Hotel on Monday and Tuesday https://t.co/psMlbbIAbF,52,@nytimes
453,0.4019,0.0,0.856,0.144,09-13-2017 03:52:01,An Apple event is a distinct kind of TV special: an extended commercial that people watch willingly https://t.co/hQIIzhY8IG,53,@nytimes
454,0.0,0.0,1.0,0.0,09-13-2017 00:02:07,Irma dispatches: Here's what @NYTnational journalists saw on the ground today https://t.co/7spMDEGe6v,54,@nytimes
455,0.6808,0.0,0.763,0.237,09-12-2017 20:15:15,Restoring power service in Florida could be the longest and most complex operation of its kind in U.S. history https://t.co/uM3QRhdZv1,55,@nytimes
456,0.4588,0.0,0.833,0.167,09-12-2017 17:45:10,"Jill Abramson reviews ""Unbelievable,"" a memoir by Donald Trump’s favorite target in the “fake news” media… https://t.co/QyTF45l0VX",56,@nytimes
457,0.0,0.0,1.0,0.0,09-12-2017 14:45:05,She was teaching him to walk. He shot her from his wheelchair. https://t.co/DQfX4Cr5bm,57,@nytimes
458,0.0,0.0,1.0,0.0,09-12-2017 10:30:14,Morning Briefing: Here's what you need to know to start your day https://t.co/pdjIf8UvSz https://t.co/uTpFpkMMV4,58,@nytimes
459,0.0,0.0,1.0,0.0,09-12-2017 05:35:17,"Watch Hurricanes Irma, Jose and Katia from 22,000 miles above Earth https://t.co/Ke66VskMMC https://t.co/oP0jKYpYFF",59,@nytimes
460,0.0,0.0,1.0,0.0,09-12-2017 01:57:03,"RT @abscribe: Barely there, but I will take it. A rainbow, in the skies of Orlando, a day after #HurricaneIrma https://t.co/Zxj5mmenPq",60,@nytimes
461,-0.34,0.195,0.684,0.121,09-11-2017 22:02:02,Photos and videos of rescues amid the destruction of Hurricane Irma helped buoy spirits https://t.co/uv1KDfs37f,61,@nytimes
462,-0.802,0.31,0.69,0.0,09-11-2017 18:30:18,"RT @NYTArchives: September 11, 2001: Terrorists attack the World Trade Center &amp; the Twin Towers fall. https://t.co/YIA15HOHIy https://t.co/…",62,@nytimes
463,-0.8074,0.278,0.722,0.0,09-11-2017 15:40:04,"Trump has described the 9/11 attacks as a defining event in his political life. On Monday, he vowed to conquer evil. https://t.co/F3j2gOOJVG",63,@nytimes
464,0.0,0.0,1.0,0.0,09-11-2017 12:50:10,"Some of these insects are bees, and some are not. Can you tell which are which? https://t.co/7GvsfkrKT5 https://t.co/wb3ehUaGxk",64,@nytimes
465,0.2732,0.0,0.89,0.11,09-11-2017 09:02:56,A neuroscientist wondered what his pug really thought about him. His brain scans of dogs offered surprising clues. https://t.co/llkPoNAlDn,65,@nytimes
466,-0.5859,0.22,0.78,0.0,09-11-2017 04:30:06,"Steve Bannon said that President Trump's firing of James Comey was the biggest mistake in ""modern political history” https://t.co/DgpXi2x4mt",66,@nytimes
467,0.296,0.0,0.901,0.099,09-11-2017 00:15:03,"His event was called “Shoot at Hurricane Irma,” and everyone was invited. But not everyone was in on the joke. https://t.co/Vxzp6NskYb",67,@nytimes
468,0.0,0.0,1.0,0.0,09-10-2017 20:33:38,Hurricane Irma made landfall at Marco Island at 3:35 p.m. as a Category 3 storm https://t.co/cdhwvdVt9r https://t.co/X5j2aShqh5,68,@nytimes
469,0.4404,0.088,0.737,0.175,09-10-2017 18:15:07,"A Queens politician slashed his girlfriend’s face. Now, he’s running for his old seat again, and could win. https://t.co/JKDPybWN1L",69,@nytimes
470,0.0,0.0,1.0,0.0,09-10-2017 15:20:03,"Opinion: Ireland’s first openly gay, half-Indian, youngest-ever prime minister is leaping toward the future https://t.co/FTXSzQEuWR",70,@nytimes
471,0.0,0.0,1.0,0.0,09-10-2017 11:45:48,"Breaking News: With 130-mph winds and deadly force, the eye of Hurricane Irma has begun passing over Florida Keys https://t.co/TrZxKcmU0g",71,@nytimes
472,0.0,0.0,1.0,0.0,09-10-2017 06:22:46,"RT @FrancesRobles: With 130 mph winds, Irma was back to being a Category 4 hurricane as it approached the Florida Keys.",72,@nytimes
473,0.5106,0.0,0.852,0.148,09-10-2017 01:16:41,Society teaches women to be “Class Sunshine.” She wants her daughter to feel free to be Class Dark Cloud. https://t.co/jUJGAqH4lU,73,@nytimes
474,0.5719,0.0,0.829,0.171,09-09-2017 21:24:53,"Sloane Stephens has won the U.S. Open. Ranked 957th in women's tennis last month, she beat Madison Keys. https://t.co/EcVl15kAjh",74,@nytimes
475,0.1779,0.0,0.892,0.108,09-09-2017 17:36:01,We ran the numbers. Here's where we think Amazon should put its second headquarters. https://t.co/UcU66cfPgy,75,@nytimes
476,-0.3182,0.227,0.638,0.135,09-09-2017 13:50:43,Review Board Recommends Stiffest Punishment for Officer in Garner Case https://t.co/1ICYw2wUbc,76,@nytimes
477,0.0,0.0,1.0,0.0,09-09-2017 08:00:24,Bruce Springsteen is coming to Broadway with a sold-out one-man show. But what if it were a full-blown book musical? https://t.co/0qH7XczWiz,77,@nytimes
478,-0.3182,0.126,0.874,0.0,09-09-2017 03:17:01,The 5 living former U.S. presidents have started a fund to raise money for victims of Hurricane Harvey https://t.co/qoxk2BBFQk,78,@nytimes
479,0.8316,0.049,0.629,0.322,09-08-2017 23:56:04,Opinion: It’s hard to make our spouses feel valued and accepted while pushing them to be the best they can be https://t.co/ITr4nZNfKB,79,@nytimes
480,-0.296,0.095,0.905,0.0,09-08-2017 20:16:02,RT @nytopinion: No one bragged about the price of something because it was high; instead they bragged buying clothes at Target. https://t.c…,80,@nytimes
481,0.0,0.0,1.0,0.0,09-08-2017 16:12:12,Ted Cruz's career changed with Donald Trump's victory. Hurricane Harvey changed it again. https://t.co/mVrf5h4hIK,81,@nytimes
482,-0.2263,0.106,0.894,0.0,09-08-2017 11:47:02,Our investigation reveals some of the ways suspected Russian operators used Twitter to spread anti-Clinton messages https://t.co/zelYtUtJ8n,82,@nytimes
483,-0.0772,0.106,0.894,0.0,09-08-2017 08:06:05,How many times has your personal information been exposed to hackers? https://t.co/aXImYAX1Vu,83,@nytimes
484,0.0,0.0,1.0,0.0,09-08-2017 03:32:03,Harvey is 104. Irma is 92. They've been married 75 years. They've only ever seen a hurricane on TV. https://t.co/kQOL3jZDTi,84,@nytimes
485,0.0,0.0,1.0,0.0,09-07-2017 23:21:03,Hurricane leaves toxic silver beads of mercury on Texas man's property https://t.co/Npm18KfbsK,85,@nytimes
486,-0.5719,0.316,0.684,0.0,09-07-2017 19:50:09,The destruction Hurricane Irma caused in the Caribbean https://t.co/9fbZyd4EXi,86,@nytimes
487,0.34,0.0,0.862,0.138,09-07-2017 16:30:06,President Trump? tweeted a message to reassure Dreamers after Nancy Pelosi? asked him to do so https://t.co/XOyluumXYP,87,@nytimes
488,-0.6808,0.32,0.68,0.0,09-07-2017 13:40:08,Syria accused Israel of conducting a strike on a military base said by analysts to house chemical weapons https://t.co/KStUb6b13v,88,@nytimes
489,0.0,0.0,1.0,0.0,09-07-2017 10:00:15,"""We expected our standard of living to rise to the level of at least that of Spain or Italy. This has not happened."" https://t.co/lGynusSBnw",89,@nytimes
490,0.4404,0.0,0.879,0.121,09-07-2017 05:17:04,This CEO's main goal is “to provide a better life for the employees that choose to be part of our family here” https://t.co/z6z5kztwRI,90,@nytimes
491,0.4754,0.0,0.808,0.192,09-07-2017 01:02:05,"Hurricane Irma, one of the most powerful in history, roars across the Caribbean https://t.co/2PpwjhsQAm",91,@nytimes
492,0.0,0.0,1.0,0.0,09-06-2017 21:00:20,President Trump and Senator Chuck Schumer spoke during a meeting in the Oval Office on Wednesday… https://t.co/J6gosOfhaw,92,@nytimes
493,0.0,0.0,1.0,0.0,09-06-2017 18:30:20,From @NYTOpinion: Can you fix the world's climate? Try to get carbon emissions within our carbon budget.… https://t.co/Ni89HsTL86,93,@nytimes
494,0.0,0.0,1.0,0.0,09-06-2017 16:22:06,"Jeff Sessions announced the end of DACA, an Obama-era program that shielded young immigrants from deportation… https://t.co/1AByO3gYC1",94,@nytimes
495,0.0,0.0,1.0,0.0,09-06-2017 13:33:41,"RT @MichaelPaulson: ""Mean Girls"" is coming to Broadway. As a musical. Next spring. And this time, the Plastics have smartphones. https://t.…",95,@nytimes
496,0.0,0.0,1.0,0.0,09-06-2017 10:30:04,Morning Briefing: Here's what you need to know to start your day https://t.co/qg8HK2bn0v https://t.co/y8D5u6nJqo,96,@nytimes
497,0.3612,0.0,0.865,0.135,09-06-2017 06:35:02,"RT @alanblinder: Cities you could simultaneously fit inside Houston's city limits: Chicago, Philadelphia, Baltimore and Detroit. https://t.…",97,@nytimes
498,0.0,0.0,1.0,0.0,09-06-2017 01:47:04,"“We have to prepare for an event that we have never experienced here,” Puerto Rico Gov. Ricardo Rosselló said https://t.co/bKSoV23fFQ",98,@nytimes
499,0.3182,0.0,0.635,0.365,09-05-2017 21:15:06,Expand your cooking horizons https://t.co/Qi8zl1HsIf,99,@nytimes
